question,cnt_non_nan,pct_non_nan,cnt_non_standard,pct_non_standard,cnt_nan,pct_nan,cnt_0_NO,pct_0_NO,cnt_1,pct_1,cnt_2_SI,pct_2_SI,cnt_3_AV/A,pct_3_AV/A,cnt_4,pct_4,cnt_5,pct_5,cnt_6,pct_6,cnt_7_NR,pct_7_NR,cnt_8_NA,pct_8_NA,cnt_9_NS,pct_9_NS,cnt_10,pct_10,cnt_11,pct_11,cnt_12,pct_12,cnt_13,pct_13,cnt_14,pct_14,cnt_15,pct_15,cnt_16,pct_16,cnt_17,pct_17,cnt_18,pct_18,cnt_55,pct_55,cnt_66,pct_66,cnt_77_NR,pct_77_NR,cnt_88_NA,pct_88_NA,cnt_99_NS,pct_99_NS
pad001,1556,99.87163029525033,0,0.0,2,0.12836970474967907,937,60.141206675224645,0,0.0,618,39.66623876765084,0,0.0,0,0.0,0,0.0,0,0.0,0,0.0,0,0.0,1,0.06418485237483953,0,0.0,0,0.0,0,0.0,0,0.0,0,0.0,0,0.0,0,0.0,0,0.0,0,0.0,0,0.0,0,0.0,0,0.0,0,0.0,0,0.0
pad001a,618,39.66623876765084,0,0.0,940,60.33376123234917,281,18.035943517329912,0,0.0,335,21.501925545571247,0,0.0,0,0.0,0,0.0,0,0.0,0,0.0,0,0.0,2,0.12836970474967907,0,0.0,0,0.0,0,0.0,0,0.0,0,0.0,0,0.0,0,0.0,0,0.0,0,0.0,0,0.0,0,0.0,0,0.0,0,0.0,0,0.0
pad001b,335,21.501925545571247,0,0.0,1223,78.49807445442876,91,5.840821566110398,0,0.0,244,15.661103979460847,0,0.0,0,0.0,0,0.0,0,0.0,0,0.0,0,0.0,0,0.0,0,0.0,0,0.0,0,0.0,0,0.0,0,0.0,0,0.0,0,0.0,0,0.0,0,0.0,0,0.0,0,0.0,0,0.0,0,0.0,0,0.0
pad001c,335,21.501925545571247,0,0.0,1223,78.49807445442876,34,2.1822849807445444,0,0.0,301,19.319640564826702,0,0.0,0,0.0,0,0.0,0,0.0,0,0.0,0,0.0,0,0.0,0,0.0,0,0.0,0,0.0,0,0.0,0,0.0,0,0.0,0,0.0,0,0.0,0,0.0,0,0.0,0,0.0,0,0.0,0,0.0,0,0.0
pad001d,335,21.501925545571247,0,0.0,1223,78.49807445442876,105,6.7394094993581515,0,0.0,230,14.762516046213095,0,0.0,0,0.0,0,0.0,0,0.0,0,0.0,0,0.0,0,0.0,0,0.0,0,0.0,0,0.0,0,0.0,0,0.0,0,0.0,0,0.0,0,0.0,0,0.0,0,0.0,0,0.0,0,0.0,0,0.0,0,0.0
pad002,1556,99.87163029525033,0,0.0,2,0.12836970474967907,1099,70.53915275994865,0,0.0,455,29.20410783055199,0,0.0,0,0.0,0,0.0,0,0.0,0,0.0,0,0.0,2,0.12836970474967907,0,0.0,0,0.0,0,0.0,0,0.0,0,0.0,0,0.0,0,0.0,0,0.0,0,0.0,0,0.0,0,0.0,0,0.0,0,0.0,0,0.0
pad002a,455,29.20410783055199,0,0.0,1103,70.79589216944801,239,15.340179717586649,0,0.0,216,13.86392811296534,0,0.0,0,0.0,0,0.0,0,0.0,0,0.0,0,0.0,0,0.0,0,0.0,0,0.0,0,0.0,0,0.0,0,0.0,0,0.0,0,0.0,0,0.0,0,0.0,0,0.0,0,0.0,0,0.0,0,0.0,0,0.0
pad002b,216,13.86392811296534,0,0.0,1342,86.13607188703466,32,2.053915275994865,0,0.0,184,11.810012836970476,0,0.0,0,0.0,0,0.0,0,0.0,0,0.0,0,0.0,0,0.0,0,0.0,0,0.0,0,0.0,0,0.0,0,0.0,0,0.0,0,0.0,0,0.0,0,0.0,0,0.0,0,0.0,0,0.0,0,0.0,0,0.0
pad002c,216,13.86392811296534,0,0.0,1342,86.13607188703466,37,2.3748395378690628,0,0.0,178,11.424903722721439,0,0.0,0,0.0,0,0.0,0,0.0,0,0.0,0,0.0,1,0.06418485237483953,0,0.0,0,0.0,0,0.0,0,0.0,0,0.0,0,0.0,0,0.0,0,0.0,0,0.0,0,0.0,0,0.0,0,0.0,0,0.0,0,0.0
pad002d,216,13.86392811296534,0,0.0,1342,86.13607188703466,58,3.7227214377406934,0,0.0,158,10.141206675224646,0,0.0,0,0.0,0,0.0,0,0.0,0,0.0,0,0.0,0,0.0,0,0.0,0,0.0,0,0.0,0,0.0,0,0.0,0,0.0,0,0.0,0,0.0,0,0.0,0,0.0,0,0.0,0,0.0,0,0.0,0,0.0
pad003,1398,89.73042362002568,0,0.0,160,10.269576379974326,984,63.1578947368421,0,0.0,412,26.44415917843389,0,0.0,0,0.0,0,0.0,0,0.0,0,0.0,0,0.0,2,0.12836970474967907,0,0.0,0,0.0,0,0.0,0,0.0,0,0.0,0,0.0,0,0.0,0,0.0,0,0.0,0,0.0,0,0.0,0,0.0,0,0.0,0,0.0
pad003a,412,26.44415917843389,0,0.0,1146,73.55584082156611,255,16.367137355584084,0,0.0,156,10.012836970474968,0,0.0,0,0.0,0,0.0,0,0.0,0,0.0,0,0.0,1,0.06418485237483953,0,0.0,0,0.0,0,0.0,0,0.0,0,0.0,0,0.0,0,0.0,0,0.0,0,0.0,0,0.0,0,0.0,0,0.0,0,0.0,0,0.0
pad003b,156,10.012836970474968,0,0.0,1402,89.98716302952504,53,3.4017971758664958,0,0.0,103,6.611039794608472,0,0.0,0,0.0,0,0.0,0,0.0,0,0.0,0,0.0,0,0.0,0,0.0,0,0.0,0,0.0,0,0.0,0,0.0,0,0.0,0,0.0,0,0.0,0,0.0,0,0.0,0,0.0,0,0.0,0,0.0,0,0.0
pad003c,156,10.012836970474968,0,0.0,1402,89.98716302952504,34,2.1822849807445444,0,0.0,122,7.830551989730424,0,0.0,0,0.0,0,0.0,0,0.0,0,0.0,0,0.0,0,0.0,0,0.0,0,0.0,0,0.0,0,0.0,0,0.0,0,0.0,0,0.0,0,0.0,0,0.0,0,0.0,0,0.0,0,0.0,0,0.0,0,0.0
pad003d,156,10.012836970474968,0,0.0,1402,89.98716302952504,69,4.428754813863929,0,0.0,87,5.58408215661104,0,0.0,0,0.0,0,0.0,0,0.0,0,0.0,0,0.0,0,0.0,0,0.0,0,0.0,0,0.0,0,0.0,0,0.0,0,0.0,0,0.0,0,0.0,0,0.0,0,0.0,0,0.0,0,0.0,0,0.0,0,0.0
pad004,1556,99.87163029525033,0,0.0,2,0.12836970474967907,876,56.22593068035944,0,0.0,679,43.58151476251604,0,0.0,0,0.0,0,0.0,0,0.0,0,0.0,0,0.0,1,0.06418485237483953,0,0.0,0,0.0,0,0.0,0,0.0,0,0.0,0,0.0,0,0.0,0,0.0,0,0.0,0,0.0,0,0.0,0,0.0,0,0.0,0,0.0
pad004a,679,43.58151476251604,0,0.0,879,56.41848523748395,350,22.464698331193837,0,0.0,329,21.116816431322206,0,0.0,0,0.0,0,0.0,0,0.0,0,0.0,0,0.0,0,0.0,0,0.0,0,0.0,0,0.0,0,0.0,0,0.0,0,0.0,0,0.0,0,0.0,0,0.0,0,0.0,0,0.0,0,0.0,0,0.0,0,0.0
pad004b,329,21.116816431322206,0,0.0,1229,78.8831835686778,48,3.080872913992298,0,0.0,281,18.035943517329912,0,0.0,0,0.0,0,0.0,0,0.0,0,0.0,0,0.0,0,0.0,0,0.0,0,0.0,0,0.0,0,0.0,0,0.0,0,0.0,0,0.0,0,0.0,0,0.0,0,0.0,0,0.0,0,0.0,0,0.0,0,0.0
pad004c,329,21.116816431322206,0,0.0,1229,78.8831835686778,35,2.246469833119384,0,0.0,293,18.806161745827985,0,0.0,0,0.0,0,0.0,0,0.0,0,0.0,0,0.0,1,0.06418485237483953,0,0.0,0,0.0,0,0.0,0,0.0,0,0.0,0,0.0,0,0.0,0,0.0,0,0.0,0,0.0,0,0.0,0,0.0,0,0.0,0,0.0
pad004d,329,21.116816431322206,0,0.0,1229,78.8831835686778,64,4.10783055198973,0,0.0,265,17.008985879332478,0,0.0,0,0.0,0,0.0,0,0.0,0,0.0,0,0.0,0,0.0,0,0.0,0,0.0,0,0.0,0,0.0,0,0.0,0,0.0,0,0.0,0,0.0,0,0.0,0,0.0,0,0.0,0,0.0,0,0.0,0,0.0
pad005,1556,99.87163029525033,0,0.0,2,0.12836970474967907,757,48.587933247753526,0,0.0,796,51.09114249037228,0,0.0,0,0.0,0,0.0,0,0.0,0,0.0,0,0.0,3,0.19255455712451863,0,0.0,0,0.0,0,0.0,0,0.0,0,0.0,0,0.0,0,0.0,0,0.0,0,0.0,0,0.0,0,0.0,0,0.0,0,0.0,0,0.0
pad005a,796,51.09114249037228,0,0.0,762,48.90885750962773,282,18.10012836970475,0,0.0,514,32.99101412066752,0,0.0,0,0.0,0,0.0,0,0.0,0,0.0,0,0.0,0,0.0,0,0.0,0,0.0,0,0.0,0,0.0,0,0.0,0,0.0,0,0.0,0,0.0,0,0.0,0,0.0,0,0.0,0,0.0,0,0.0,0,0.0
pad005b,514,32.99101412066752,0,0.0,1044,67.00898587933247,39,2.503209242618742,0,0.0,475,30.48780487804878,0,0.0,0,0.0,0,0.0,0,0.0,0,0.0,0,0.0,0,0.0,0,0.0,0,0.0,0,0.0,0,0.0,0,0.0,0,0.0,0,0.0,0,0.0,0,0.0,0,0.0,0,0.0,0,0.0,0,0.0,0,0.0
pad005c,514,32.99101412066752,0,0.0,1044,67.00898587933247,201,12.901155327342748,0,0.0,312,20.025673940949936,0,0.0,0,0.0,0,0.0,0,0.0,0,0.0,0,0.0,1,0.06418485237483953,0,0.0,0,0.0,0,0.0,0,0.0,0,0.0,0,0.0,0,0.0,0,0.0,0,0.0,0,0.0,0,0.0,0,0.0,0,0.0,0,0.0
pad005d,514,32.99101412066752,0,0.0,1044,67.00898587933247,115,7.381258023106548,0,0.0,399,25.609756097560975,0,0.0,0,0.0,0,0.0,0,0.0,0,0.0,0,0.0,0,0.0,0,0.0,0,0.0,0,0.0,0,0.0,0,0.0,0,0.0,0,0.0,0,0.0,0,0.0,0,0.0,0,0.0,0,0.0,0,0.0,0,0.0
pad006,1556,99.87163029525033,0,0.0,2,0.12836970474967907,976,62.64441591784339,0,0.0,578,37.09884467265726,0,0.0,0,0.0,0,0.0,0,0.0,0,0.0,0,0.0,2,0.12836970474967907,0,0.0,0,0.0,0,0.0,0,0.0,0,0.0,0,0.0,0,0.0,0,0.0,0,0.0,0,0.0,0,0.0,0,0.0,0,0.0,0,0.0
pad006a,578,37.09884467265726,0,0.0,980,62.90115532734275,291,18.677792041078305,0,0.0,287,18.421052631578945,0,0.0,0,0.0,0,0.0,0,0.0,0,0.0,0,0.0,0,0.0,0,0.0,0,0.0,0,0.0,0,0.0,0,0.0,0,0.0,0,0.0,0,0.0,0,0.0,0,0.0,0,0.0,0,0.0,0,0.0,0,0.0
pad006b,287,18.421052631578945,0,0.0,1271,81.57894736842105,28,1.797175866495507,0,0.0,259,16.62387676508344,0,0.0,0,0.0,0,0.0,0,0.0,0,0.0,0,0.0,0,0.0,0,0.0,0,0.0,0,0.0,0,0.0,0,0.0,0,0.0,0,0.0,0,0.0,0,0.0,0,0.0,0,0.0,0,0.0,0,0.0,0,0.0
pad006c,287,18.421052631578945,0,0.0,1271,81.57894736842105,43,2.7599486521181,0,0.0,243,15.596919127086007,0,0.0,0,0.0,0,0.0,0,0.0,0,0.0,0,0.0,1,0.06418485237483953,0,0.0,0,0.0,0,0.0,0,0.0,0,0.0,0,0.0,0,0.0,0,0.0,0,0.0,0,0.0,0,0.0,0,0.0,0,0.0,0,0.0
pad006d,287,18.421052631578945,0,0.0,1271,81.57894736842105,85,5.455712451861361,0,0.0,202,12.965340179717586,0,0.0,0,0.0,0,0.0,0,0.0,0,0.0,0,0.0,0,0.0,0,0.0,0,0.0,0,0.0,0,0.0,0,0.0,0,0.0,0,0.0,0,0.0,0,0.0,0,0.0,0,0.0,0,0.0,0,0.0,0,0.0
pad007,1556,99.87163029525033,0,0.0,2,0.12836970474967907,1085,69.6405648267009,0,0.0,469,30.10269576379974,0,0.0,0,0.0,0,0.0,0,0.0,0,0.0,0,0.0,2,0.12836970474967907,0,0.0,0,0.0,0,0.0,0,0.0,0,0.0,0,0.0,0,0.0,0,0.0,0,0.0,0,0.0,0,0.0,0,0.0,0,0.0,0,0.0
pad007a,469,30.10269576379974,0,0.0,1089,69.89730423620026,256,16.43132220795892,0,0.0,213,13.671373555840821,0,0.0,0,0.0,0,0.0,0,0.0,0,0.0,0,0.0,0,0.0,0,0.0,0,0.0,0,0.0,0,0.0,0,0.0,0,0.0,0,0.0,0,0.0,0,0.0,0,0.0,0,0.0,0,0.0,0,0.0,0,0.0
pad007b,213,13.671373555840821,0,0.0,1345,86.32862644415917,44,2.8241335044929397,0,0.0,169,10.847240051347882,0,0.0,0,0.0,0,0.0,0,0.0,0,0.0,0,0.0,0,0.0,0,0.0,0,0.0,0,0.0,0,0.0,0,0.0,0,0.0,0,0.0,0,0.0,0,0.0,0,0.0,0,0.0,0,0.0,0,0.0,0,0.0
pad007c,213,13.671373555840821,0,0.0,1345,86.32862644415917,25,1.6046213093709885,0,0.0,188,12.066752246469834,0,0.0,0,0.0,0,0.0,0,0.0,0,0.0,0,0.0,0,0.0,0,0.0,0,0.0,0,0.0,0,0.0,0,0.0,0,0.0,0,0.0,0,0.0,0,0.0,0,0.0,0,0.0,0,0.0,0,0.0,0,0.0
pad007d,213,13.671373555840821,0,0.0,1345,86.32862644415917,50,3.209242618741977,0,0.0,163,10.462130937098845,0,0.0,0,0.0,0,0.0,0,0.0,0,0.0,0,0.0,0,0.0,0,0.0,0,0.0,0,0.0,0,0.0,0,0.0,0,0.0,0,0.0,0,0.0,0,0.0,0,0.0,0,0.0,0,0.0,0,0.0,0,0.0
pad008,1556,99.87163029525033,0,0.0,2,0.12836970474967907,1087,69.76893453145058,0,0.0,466,29.910141206675224,0,0.0,0,0.0,0,0.0,0,0.0,0,0.0,0,0.0,3,0.19255455712451863,0,0.0,0,0.0,0,0.0,0,0.0,0,0.0,0,0.0,0,0.0,0,0.0,0,0.0,0,0.0,0,0.0,0,0.0,0,0.0,0,0.0
pad008a,466,29.910141206675224,0,0.0,1092,70.08985879332478,256,16.43132220795892,0,0.0,210,13.478818998716303,0,0.0,0,0.0,0,0.0,0,0.0,0,0.0,0,0.0,0,0.0,0,0.0,0,0.0,0,0.0,0,0.0,0,0.0,0,0.0,0,0.0,0,0.0,0,0.0,0,0.0,0,0.0,0,0.0,0,0.0,0,0.0
pad008b,210,13.478818998716303,0,0.0,1348,86.5211810012837,23,1.4762516046213094,0,0.0,187,12.002567394094994,0,0.0,0,0.0,0,0.0,0,0.0,0,0.0,0,0.0,0,0.0,0,0.0,0,0.0,0,0.0,0,0.0,0,0.0,0,0.0,0,0.0,0,0.0,0,0.0,0,0.0,0,0.0,0,0.0,0,0.0,0,0.0
pad008c,210,13.478818998716303,0,0.0,1348,86.5211810012837,34,2.1822849807445444,0,0.0,175,11.232349165596919,0,0.0,0,0.0,0,0.0,0,0.0,0,0.0,0,0.0,1,0.06418485237483953,0,0.0,0,0.0,0,0.0,0,0.0,0,0.0,0,0.0,0,0.0,0,0.0,0,0.0,0,0.0,0,0.0,0,0.0,0,0.0,0,0.0
pad008d,210,13.478818998716303,0,0.0,1348,86.5211810012837,50,3.209242618741977,0,0.0,160,10.269576379974326,0,0.0,0,0.0,0,0.0,0,0.0,0,0.0,0,0.0,0,0.0,0,0.0,0,0.0,0,0.0,0,0.0,0,0.0,0,0.0,0,0.0,0,0.0,0,0.0,0,0.0,0,0.0,0,0.0,0,0.0,0,0.0
pad009,1556,99.87163029525033,0,0.0,2,0.12836970474967907,1163,74.64698331193838,0,0.0,391,25.09627727856226,0,0.0,0,0.0,0,0.0,0,0.0,0,0.0,0,0.0,2,0.12836970474967907,0,0.0,0,0.0,0,0.0,0,0.0,0,0.0,0,0.0,0,0.0,0,0.0,0,0.0,0,0.0,0,0.0,0,0.0,0,0.0,0,0.0
pad009a,391,25.09627727856226,0,0.0,1167,74.90372272143773,213,13.671373555840821,0,0.0,178,11.424903722721439,0,0.0,0,0.0,0,0.0,0,0.0,0,0.0,0,0.0,0,0.0,0,0.0,0,0.0,0,0.0,0,0.0,0,0.0,0,0.0,0,0.0,0,0.0,0,0.0,0,0.0,0,0.0,0,0.0,0,0.0,0,0.0
pad009b,178,11.424903722721439,0,0.0,1380,88.57509627727856,32,2.053915275994865,0,0.0,146,9.370988446726573,0,0.0,0,0.0,0,0.0,0,0.0,0,0.0,0,0.0,0,0.0,0,0.0,0,0.0,0,0.0,0,0.0,0,0.0,0,0.0,0,0.0,0,0.0,0,0.0,0,0.0,0,0.0,0,0.0,0,0.0,0,0.0
pad009c,178,11.424903722721439,0,0.0,1380,88.57509627727856,29,1.8613607188703467,0,0.0,147,9.435173299101413,0,0.0,0,0.0,0,0.0,0,0.0,0,0.0,0,0.0,2,0.12836970474967907,0,0.0,0,0.0,0,0.0,0,0.0,0,0.0,0,0.0,0,0.0,0,0.0,0,0.0,0,0.0,0,0.0,0,0.0,0,0.0,0,0.0
pad009d,178,11.424903722721439,0,0.0,1380,88.57509627727856,62,3.979460847240052,0,0.0,116,7.445442875481387,0,0.0,0,0.0,0,0.0,0,0.0,0,0.0,0,0.0,0,0.0,0,0.0,0,0.0,0,0.0,0,0.0,0,0.0,0,0.0,0,0.0,0,0.0,0,0.0,0,0.0,0,0.0,0,0.0,0,0.0,0,0.0
pad010,1556,99.87163029525033,0,0.0,2,0.12836970474967907,1089,69.89730423620026,0,0.0,465,29.845956354300384,0,0.0,0,0.0,0,0.0,0,0.0,0,0.0,0,0.0,2,0.12836970474967907,0,0.0,0,0.0,0,0.0,0,0.0,0,0.0,0,0.0,0,0.0,0,0.0,0,0.0,0,0.0,0,0.0,0,0.0,0,0.0,0,0.0
pad010a,465,29.845956354300384,0,0.0,1093,70.15404364569962,249,15.982028241335044,0,0.0,216,13.86392811296534,0,0.0,0,0.0,0,0.0,0,0.0,0,0.0,0,0.0,0,0.0,0,0.0,0,0.0,0,0.0,0,0.0,0,0.0,0,0.0,0,0.0,0,0.0,0,0.0,0,0.0,0,0.0,0,0.0,0,0.0,0,0.0
pad010b,216,13.86392811296534,0,0.0,1342,86.13607188703466,19,1.2195121951219512,0,0.0,197,12.644415917843387,0,0.0,0,0.0,0,0.0,0,0.0,0,0.0,0,0.0,0,0.0,0,0.0,0,0.0,0,0.0,0,0.0,0,0.0,0,0.0,0,0.0,0,0.0,0,0.0,0,0.0,0,0.0,0,0.0,0,0.0,0,0.0
pad010c,216,13.86392811296534,0,0.0,1342,86.13607188703466,72,4.621309370988447,0,0.0,142,9.114249037227214,0,0.0,0,0.0,0,0.0,0,0.0,0,0.0,0,0.0,2,0.12836970474967907,0,0.0,0,0.0,0,0.0,0,0.0,0,0.0,0,0.0,0,0.0,0,0.0,0,0.0,0,0.0,0,0.0,0,0.0,0,0.0,0,0.0
pad010d,216,13.86392811296534,0,0.0,1342,86.13607188703466,44,2.8241335044929397,0,0.0,171,10.975609756097562,0,0.0,0,0.0,0,0.0,0,0.0,0,0.0,0,0.0,1,0.06418485237483953,0,0.0,0,0.0,0,0.0,0,0.0,0,0.0,0,0.0,0,0.0,0,0.0,0,0.0,0,0.0,0,0.0,0,0.0,0,0.0,0,0.0
pad010e,216,13.86392811296534,0,0.0,1342,86.13607188703466,200,12.836970474967908,0,0.0,15,0.9627727856225932,0,0.0,0,0.0,0,0.0,0,0.0,0,0.0,0,0.0,1,0.06418485237483953,0,0.0,0,0.0,0,0.0,0,0.0,0,0.0,0,0.0,0,0.0,0,0.0,0,0.0,0,0.0,0,0.0,0,0.0,0,0.0,0,0.0
pad010f,15,0.9627727856225932,0,0.0,1543,99.03722721437741,15,0.9627727856225932,0,0.0,0,0.0,0,0.0,0,0.0,0,0.0,0,0.0,0,0.0,0,0.0,0,0.0,0,0.0,0,0.0,0,0.0,0,0.0,0,0.0,0,0.0,0,0.0,0,0.0,0,0.0,0,0.0,0,0.0,0,0.0,0,0.0,0,0.0
pad010g,15,0.9627727856225932,0,0.0,1543,99.03722721437741,8,0.5134788189987163,0,0.0,7,0.4492939666238768,0,0.0,0,0.0,0,0.0,0,0.0,0,0.0,0,0.0,0,0.0,0,0.0,0,0.0,0,0.0,0,0.0,0,0.0,0,0.0,0,0.0,0,0.0,0,0.0,0,0.0,0,0.0,0,0.0,0,0.0,0,0.0
pad011,1556,99.87163029525033,0,0.0,2,0.12836970474967907,936,60.07702182284981,0,0.0,618,39.66623876765084,0,0.0,0,0.0,0,0.0,0,0.0,0,0.0,0,0.0,2,0.12836970474967907,0,0.0,0,0.0,0,0.0,0,0.0,0,0.0,0,0.0,0,0.0,0,0.0,0,0.0,0,0.0,0,0.0,0,0.0,0,0.0,0,0.0
pad011a,618,39.66623876765084,0,0.0,940,60.33376123234917,356,22.849807445442877,0,0.0,262,16.816431322207958,0,0.0,0,0.0,0,0.0,0,0.0,0,0.0,0,0.0,0,0.0,0,0.0,0,0.0,0,0.0,0,0.0,0,0.0,0,0.0,0,0.0,0,0.0,0,0.0,0,0.0,0,0.0,0,0.0,0,0.0,0,0.0
pad011b,262,16.816431322207958,0,0.0,1296,83.18356867779204,13,0.8344030808729139,0,0.0,249,15.982028241335044,0,0.0,0,0.0,0,0.0,0,0.0,0,0.0,0,0.0,0,0.0,0,0.0,0,0.0,0,0.0,0,0.0,0,0.0,0,0.0,0,0.0,0,0.0,0,0.0,0,0.0,0,0.0,0,0.0,0,0.0,0,0.0
pad011c,262,16.816431322207958,0,0.0,1296,83.18356867779204,66,4.2362002567394095,0,0.0,194,12.45186136071887,0,0.0,0,0.0,0,0.0,0,0.0,0,0.0,0,0.0,2,0.12836970474967907,0,0.0,0,0.0,0,0.0,0,0.0,0,0.0,0,0.0,0,0.0,0,0.0,0,0.0,0,0.0,0,0.0,0,0.0,0,0.0,0,0.0
pad011d,262,16.816431322207958,0,0.0,1296,83.18356867779204,66,4.2362002567394095,0,0.0,196,12.58023106546855,0,0.0,0,0.0,0,0.0,0,0.0,0,0.0,0,0.0,0,0.0,0,0.0,0,0.0,0,0.0,0,0.0,0,0.0,0,0.0,0,0.0,0,0.0,0,0.0,0,0.0,0,0.0,0,0.0,0,0.0,0,0.0
pad012y,413,26.50834403080873,316,20.282413350449293,1145,73.49165596919127,1,0.06418485237483953,0,0.0,3,0.19255455712451863,22,1.4120667522464698,30,1.9255455712451863,48,3.080872913992298,58,3.7227214377406934,21,1.3478818998716302,33,2.1181001283697047,17,1.0911424903722722,22,1.4120667522464698,8,0.5134788189987163,19,1.2195121951219512,12,0.7702182284980745,12,0.7702182284980745,7,0.4492939666238768,4,0.25673940949935814,1,0.06418485237483953,0,0.0,0,0.0,95,6.097560975609756,0,0.0,0,0.0,0,0.0
pad012z,0,0.0,0,0.0,1558,100.0,0,0.0,0,0.0,0,0.0,0,0.0,0,0.0,0,0.0,0,0.0,0,0.0,0,0.0,0,0.0,0,0.0,0,0.0,0,0.0,0,0.0,0,0.0,0,0.0,0,0.0,0,0.0,0,0.0,0,0.0,0,0.0,0,0.0,0,0.0,0,0.0
pad012a,71,4.557124518613607,0,0.0,1487,95.4428754813864,32,2.053915275994865,0,0.0,39,2.503209242618742,0,0.0,0,0.0,0,0.0,0,0.0,0,0.0,0,0.0,0,0.0,0,0.0,0,0.0,0,0.0,0,0.0,0,0.0,0,0.0,0,0.0,0,0.0,0,0.0,0,0.0,0,0.0,0,0.0,0,0.0,0,0.0
pad012b,363,23.299101412066754,0,0.0,1195,76.70089858793325,252,16.174582798459564,0,0.0,111,7.124518613607189,0,0.0,0,0.0,0,0.0,0,0.0,0,0.0,0,0.0,0,0.0,0,0.0,0,0.0,0,0.0,0,0.0,0,0.0,0,0.0,0,0.0,0,0.0,0,0.0,0,0.0,0,0.0,0,0.0,0,0.0,0,0.0
pad012c,111,7.124518613607189,0,0.0,1447,92.8754813863928,52,3.3376123234916557,0,0.0,59,3.7869062901155326,0,0.0,0,0.0,0,0.0,0,0.0,0,0.0,0,0.0,0,0.0,0,0.0,0,0.0,0,0.0,0,0.0,0,0.0,0,0.0,0,0.0,0,0.0,0,0.0,0,0.0,0,0.0,0,0.0,0,0.0,0,0.0
pad012dy,59,3.7869062901155326,46,2.952503209242619,1499,96.21309370988446,0,0.0,0,0.0,0,0.0,2,0.12836970474967907,2,0.12836970474967907,7,0.4492939666238768,2,0.12836970474967907,4,0.25673940949935814,3,0.19255455712451863,2,0.12836970474967907,7,0.4492939666238768,5,0.3209242618741977,3,0.19255455712451863,4,0.25673940949935814,5,0.3209242618741977,1,0.06418485237483953,5,0.3209242618741977,3,0.19255455712451863,2,0.12836970474967907,0,0.0,0,0.0,0,0.0,2,0.12836970474967907,0,0.0
pad012dz,0,0.0,0,0.0,1558,100.0,0,0.0,0,0.0,0,0.0,0,0.0,0,0.0,0,0.0,0,0.0,0,0.0,0,0.0,0,0.0,0,0.0,0,0.0,0,0.0,0,0.0,0,0.0,0,0.0,0,0.0,0,0.0,0,0.0,0,0.0,0,0.0,0,0.0,0,0.0,0,0.0
pad012e,26,1.6688061617458279,0,0.0,1532,98.33119383825417,9,0.5776636713735559,0,0.0,17,1.0911424903722722,0,0.0,0,0.0,0,0.0,0,0.0,0,0.0,0,0.0,0,0.0,0,0.0,0,0.0,0,0.0,0,0.0,0,0.0,0,0.0,0,0.0,0,0.0,0,0.0,0,0.0,0,0.0,0,0.0,0,0.0,0,0.0
pad013y,363,23.299101412066754,255,16.367137355584084,1195,76.70089858793325,0,0.0,0,0.0,2,0.12836970474967907,22,1.4120667522464698,25,1.6046213093709885,38,2.4390243902439024,57,3.6585365853658534,36,2.3106546854942236,27,1.7329910141206675,16,1.0269576379974326,16,1.0269576379974326,15,0.9627727856225932,19,1.2195121951219512,12,0.7702182284980745,11,0.7060333761232349,14,0.8985879332477535,8,0.5134788189987163,2,0.12836970474967907,3,0.19255455712451863,0,0.0,35,2.246469833119384,0,0.0,4,0.25673940949935814,1,0.06418485237483953
pad013z,1,0.06418485237483953,0,0.0,1557,99.93581514762516,0,0.0,0,0.0,0,0.0,0,0.0,0,0.0,0,0.0,0,0.0,0,0.0,0,0.0,0,0.0,0,0.0,0,0.0,0,0.0,0,0.0,0,0.0,0,0.0,0,0.0,0,0.0,0,0.0,0,0.0,0,0.0,0,0.0,0,0.0,1,0.06418485237483953
pad014,395,25.35301668806162,20,1.2836970474967908,1163,74.64698331193838,259,16.62387676508344,20,1.2836970474967908,113,7.2528883183568675,0,0.0,0,0.0,0,0.0,0,0.0,0,0.0,1,0.06418485237483953,2,0.12836970474967907,0,0.0,0,0.0,0,0.0,0,0.0,0,0.0,0,0.0,0,0.0,0,0.0,0,0.0,0,0.0,0,0.0,0,0.0,0,0.0,0,0.0
pad015,413,26.50834403080873,62,3.979460847240052,1145,73.49165596919127,130,8.34403080872914,62,3.979460847240052,221,14.184852374839538,0,0.0,0,0.0,0,0.0,0,0.0,0,0.0,0,0.0,0,0.0,0,0.0,0,0.0,0,0.0,0,0.0,0,0.0,0,0.0,0,0.0,0,0.0,0,0.0,0,0.0,0,0.0,0,0.0,0,0.0,0,0.0
pad015a,283,18.16431322207959,29,1.8613607188703467,1275,81.83568677792042,0,0.0,29,1.8613607188703467,159,10.205391527599486,95,6.097560975609756,0,0.0,0,0.0,0,0.0,0,0.0,0,0.0,0,0.0,0,0.0,0,0.0,0,0.0,0,0.0,0,0.0,0,0.0,0,0.0,0,0.0,0,0.0,0,0.0,0,0.0,0,0.0,0,0.0,0,0.0
pad016,413,26.50834403080873,8,0.5134788189987163,1145,73.49165596919127,347,22.27214377406932,8,0.5134788189987163,58,3.7227214377406934,0,0.0,0,0.0,0,0.0,0,0.0,0,0.0,0,0.0,0,0.0,0,0.0,0,0.0,0,0.0,0,0.0,0,0.0,0,0.0,0,0.0,0,0.0,0,0.0,0,0.0,0,0.0,0,0.0,0,0.0,0,0.0
pad016a,66,4.2362002567394095,14,0.8985879332477535,1492,95.76379974326059,0,0.0,14,0.8985879332477535,39,2.503209242618742,13,0.8344030808729139,0,0.0,0,0.0,0,0.0,0,0.0,0,0.0,0,0.0,0,0.0,0,0.0,0,0.0,0,0.0,0,0.0,0,0.0,0,0.0,0,0.0,0,0.0,0,0.0,0,0.0,0,0.0,0,0.0,0,0.0
pad017,413,26.50834403080873,7,0.4492939666238768,1145,73.49165596919127,336,21.566110397946083,7,0.4492939666238768,70,4.492939666238768,0,0.0,0,0.0,0,0.0,0,0.0,0,0.0,0,0.0,0,0.0,0,0.0,0,0.0,0,0.0,0,0.0,0,0.0,0,0.0,0,0.0,0,0.0,0,0.0,0,0.0,0,0.0,0,0.0,0,0.0,0,0.0
pad017a,77,4.942233632862644,14,0.8985879332477535,1481,95.05776636713735,0,0.0,14,0.8985879332477535,45,2.8883183568677793,18,1.1553273427471118,0,0.0,0,0.0,0,0.0,0,0.0,0,0.0,0,0.0,0,0.0,0,0.0,0,0.0,0,0.0,0,0.0,0,0.0,0,0.0,0,0.0,0,0.0,0,0.0,0,0.0,0,0.0,0,0.0,0,0.0
pad018,402,25.802310654685495,32,2.053915275994865,1156,74.19768934531452,142,9.114249037227214,32,2.053915275994865,228,14.634146341463413,0,0.0,0,0.0,0,0.0,0,0.0,0,0.0,0,0.0,0,0.0,0,0.0,0,0.0,0,0.0,0,0.0,0,0.0,0,0.0,0,0.0,0,0.0,0,0.0,0,0.0,0,0.0,0,0.0,0,0.0,0,0.0
pad018a,260,16.68806161745828,128,8.21566110397946,1298,83.31193838254171,0,0.0,128,8.21566110397946,89,5.712451861360719,43,2.7599486521181,0,0.0,0,0.0,0,0.0,0,0.0,0,0.0,0,0.0,0,0.0,0,0.0,0,0.0,0,0.0,0,0.0,0,0.0,0,0.0,0,0.0,0,0.0,0,0.0,0,0.0,0,0.0,0,0.0,0,0.0
pad019,402,25.802310654685495,39,2.503209242618742,1156,74.19768934531452,216,13.86392811296534,39,2.503209242618742,145,9.306803594351733,0,0.0,0,0.0,0,0.0,0,0.0,0,0.0,0,0.0,2,0.12836970474967907,0,0.0,0,0.0,0,0.0,0,0.0,0,0.0,0,0.0,0,0.0,0,0.0,0,0.0,0,0.0,0,0.0,0,0.0,0,0.0,0,0.0
pad019a,184,11.810012836970476,19,1.2195121951219512,1374,88.18998716302953,0,0.0,19,1.2195121951219512,103,6.611039794608472,62,3.979460847240052,0,0.0,0,0.0,0,0.0,0,0.0,0,0.0,0,0.0,0,0.0,0,0.0,0,0.0,0,0.0,0,0.0,0,0.0,0,0.0,0,0.0,0,0.0,0,0.0,0,0.0,0,0.0,0,0.0,0,0.0
pad020,413,26.50834403080873,41,2.631578947368421,1145,73.49165596919127,235,15.083440308087292,41,2.631578947368421,137,8.793324775353016,0,0.0,0,0.0,0,0.0,0,0.0,0,0.0,0,0.0,0,0.0,0,0.0,0,0.0,0,0.0,0,0.0,0,0.0,0,0.0,0,0.0,0,0.0,0,0.0,0,0.0,0,0.0,0,0.0,0,0.0,0,0.0
pad020a,178,11.424903722721439,73,4.685494223363286,1380,88.57509627727856,0,0.0,73,4.685494223363286,79,5.070603337612323,26,1.6688061617458279,0,0.0,0,0.0,0,0.0,0,0.0,0,0.0,0,0.0,0,0.0,0,0.0,0,0.0,0,0.0,0,0.0,0,0.0,0,0.0,0,0.0,0,0.0,0,0.0,0,0.0,0,0.0,0,0.0,0,0.0
pad021,413,26.50834403080873,0,0.0,1145,73.49165596919127,312,20.025673940949936,0,0.0,93,5.969191270860077,0,0.0,0,0.0,0,0.0,0,0.0,0,0.0,0,0.0,8,0.5134788189987163,0,0.0,0,0.0,0,0.0,0,0.0,0,0.0,0,0.0,0,0.0,0,0.0,0,0.0,0,0.0,0,0.0,0,0.0,0,0.0,0,0.0
pad021ay,93,5.969191270860077,62,3.979460847240052,1465,94.03080872913992,0,0.0,0,0.0,0,0.0,0,0.0,0,0.0,9,0.5776636713735559,17,1.0911424903722722,13,0.8344030808729139,11,0.7060333761232349,7,0.4492939666238768,4,0.25673940949935814,6,0.38510911424903727,8,0.5134788189987163,9,0.5776636713735559,3,0.19255455712451863,4,0.25673940949935814,2,0.12836970474967907,0,0.0,0,0.0,0,0.0,0,0.0,0,0.0,0,0.0,0,0.0
pad021az,0,0.0,0,0.0,1558,100.0,0,0.0,0,0.0,0,0.0,0,0.0,0,0.0,0,0.0,0,0.0,0,0.0,0,0.0,0,0.0,0,0.0,0,0.0,0,0.0,0,0.0,0,0.0,0,0.0,0,0.0,0,0.0,0,0.0,0,0.0,0,0.0,0,0.0,0,0.0,0,0.0
pad022,1556,99.87163029525033,0,0.0,2,0.12836970474967907,993,63.73555840821567,0,0.0,562,36.071887034659824,0,0.0,0,0.0,0,0.0,0,0.0,0,0.0,0,0.0,1,0.06418485237483953,0,0.0,0,0.0,0,0.0,0,0.0,0,0.0,0,0.0,0,0.0,0,0.0,0,0.0,0,0.0,0,0.0,0,0.0,0,0.0,0,0.0
pad022a,562,36.071887034659824,0,0.0,996,63.928112965340176,145,9.306803594351733,0,0.0,416,26.700898587933246,0,0.0,0,0.0,0,0.0,0,0.0,0,0.0,0,0.0,1,0.06418485237483953,0,0.0,0,0.0,0,0.0,0,0.0,0,0.0,0,0.0,0,0.0,0,0.0,0,0.0,0,0.0,0,0.0,0,0.0,0,0.0,0,0.0
pad022b,416,26.700898587933246,0,0.0,1142,73.29910141206675,56,3.594351732991014,0,0.0,360,23.106546854942234,0,0.0,0,0.0,0,0.0,0,0.0,0,0.0,0,0.0,0,0.0,0,0.0,0,0.0,0,0.0,0,0.0,0,0.0,0,0.0,0,0.0,0,0.0,0,0.0,0,0.0,0,0.0,0,0.0,0,0.0,0,0.0
pad022c,416,26.700898587933246,0,0.0,1142,73.29910141206675,112,7.188703465982028,0,0.0,302,19.383825417201543,0,0.0,0,0.0,0,0.0,0,0.0,0,0.0,0,0.0,2,0.12836970474967907,0,0.0,0,0.0,0,0.0,0,0.0,0,0.0,0,0.0,0,0.0,0,0.0,0,0.0,0,0.0,0,0.0,0,0.0,0,0.0,0,0.0
pad022d,416,26.700898587933246,0,0.0,1142,73.29910141206675,72,4.621309370988447,0,0.0,344,22.0795892169448,0,0.0,0,0.0,0,0.0,0,0.0,0,0.0,0,0.0,0,0.0,0,0.0,0,0.0,0,0.0,0,0.0,0,0.0,0,0.0,0,0.0,0,0.0,0,0.0,0,0.0,0,0.0,0,0.0,0,0.0,0,0.0
pad023,1556,99.87163029525033,0,0.0,2,0.12836970474967907,1060,68.03594351732991,0,0.0,495,31.77150192554557,0,0.0,0,0.0,0,0.0,0,0.0,0,0.0,0,0.0,1,0.06418485237483953,0,0.0,0,0.0,0,0.0,0,0.0,0,0.0,0,0.0,0,0.0,0,0.0,0,0.0,0,0.0,0,0.0,0,0.0,0,0.0,0,0.0
pad023a,495,31.77150192554557,0,0.0,1063,68.22849807445442,155,9.948652118100128,0,0.0,340,21.822849807445444,0,0.0,0,0.0,0,0.0,0,0.0,0,0.0,0,0.0,0,0.0,0,0.0,0,0.0,0,0.0,0,0.0,0,0.0,0,0.0,0,0.0,0,0.0,0,0.0,0,0.0,0,0.0,0,0.0,0,0.0,0,0.0
pad023b,340,21.822849807445444,0,0.0,1218,78.17715019255456,39,2.503209242618742,0,0.0,301,19.319640564826702,0,0.0,0,0.0,0,0.0,0,0.0,0,0.0,0,0.0,0,0.0,0,0.0,0,0.0,0,0.0,0,0.0,0,0.0,0,0.0,0,0.0,0,0.0,0,0.0,0,0.0,0,0.0,0,0.0,0,0.0,0,0.0
pad023c,340,21.822849807445444,0,0.0,1218,78.17715019255456,59,3.7869062901155326,0,0.0,280,17.971758664955072,0,0.0,0,0.0,0,0.0,0,0.0,0,0.0,0,0.0,1,0.06418485237483953,0,0.0,0,0.0,0,0.0,0,0.0,0,0.0,0,0.0,0,0.0,0,0.0,0,0.0,0,0.0,0,0.0,0,0.0,0,0.0,0,0.0
pad023d,340,21.822849807445444,0,0.0,1218,78.17715019255456,50,3.209242618741977,0,0.0,290,18.613607188703465,0,0.0,0,0.0,0,0.0,0,0.0,0,0.0,0,0.0,0,0.0,0,0.0,0,0.0,0,0.0,0,0.0,0,0.0,0,0.0,0,0.0,0,0.0,0,0.0,0,0.0,0,0.0,0,0.0,0,0.0,0,0.0
pad024,1556,99.87163029525033,0,0.0,2,0.12836970474967907,1030,66.11039794608472,0,0.0,523,33.56867779204108,0,0.0,0,0.0,0,0.0,0,0.0,0,0.0,0,0.0,3,0.19255455712451863,0,0.0,0,0.0,0,0.0,0,0.0,0,0.0,0,0.0,0,0.0,0,0.0,0,0.0,0,0.0,0,0.0,0,0.0,0,0.0,0,0.0
pad024a,523,33.56867779204108,0,0.0,1035,66.43132220795891,230,14.762516046213095,0,0.0,293,18.806161745827985,0,0.0,0,0.0,0,0.0,0,0.0,0,0.0,0,0.0,0,0.0,0,0.0,0,0.0,0,0.0,0,0.0,0,0.0,0,0.0,0,0.0,0,0.0,0,0.0,0,0.0,0,0.0,0,0.0,0,0.0,0,0.0
pad024b,293,18.806161745827985,0,0.0,1265,81.19383825417201,52,3.3376123234916557,0,0.0,241,15.468549422336327,0,0.0,0,0.0,0,0.0,0,0.0,0,0.0,0,0.0,0,0.0,0,0.0,0,0.0,0,0.0,0,0.0,0,0.0,0,0.0,0,0.0,0,0.0,0,0.0,0,0.0,0,0.0,0,0.0,0,0.0,0,0.0
pad024c,293,18.806161745827985,0,0.0,1265,81.19383825417201,35,2.246469833119384,0,0.0,257,16.49550706033376,0,0.0,0,0.0,0,0.0,0,0.0,0,0.0,0,0.0,1,0.06418485237483953,0,0.0,0,0.0,0,0.0,0,0.0,0,0.0,0,0.0,0,0.0,0,0.0,0,0.0,0,0.0,0,0.0,0,0.0,0,0.0,0,0.0
pad024d,293,18.806161745827985,0,0.0,1265,81.19383825417201,53,3.4017971758664958,0,0.0,240,15.40436456996149,0,0.0,0,0.0,0,0.0,0,0.0,0,0.0,0,0.0,0,0.0,0,0.0,0,0.0,0,0.0,0,0.0,0,0.0,0,0.0,0,0.0,0,0.0,0,0.0,0,0.0,0,0.0,0,0.0,0,0.0,0,0.0
pad025,1556,99.87163029525033,0,0.0,2,0.12836970474967907,1225,78.62644415917843,0,0.0,329,21.116816431322206,0,0.0,0,0.0,0,0.0,0,0.0,0,0.0,0,0.0,2,0.12836970474967907,0,0.0,0,0.0,0,0.0,0,0.0,0,0.0,0,0.0,0,0.0,0,0.0,0,0.0,0,0.0,0,0.0,0,0.0,0,0.0,0,0.0
pad025a,329,21.116816431322206,0,0.0,1229,78.8831835686778,96,6.161745827984596,0,0.0,233,14.955070603337612,0,0.0,0,0.0,0,0.0,0,0.0,0,0.0,0,0.0,0,0.0,0,0.0,0,0.0,0,0.0,0,0.0,0,0.0,0,0.0,0,0.0,0,0.0,0,0.0,0,0.0,0,0.0,0,0.0,0,0.0,0,0.0
pad025b,233,14.955070603337612,0,0.0,1325,85.04492939666238,25,1.6046213093709885,0,0.0,208,13.350449293966623,0,0.0,0,0.0,0,0.0,0,0.0,0,0.0,0,0.0,0,0.0,0,0.0,0,0.0,0,0.0,0,0.0,0,0.0,0,0.0,0,0.0,0,0.0,0,0.0,0,0.0,0,0.0,0,0.0,0,0.0,0,0.0
pad025c,233,14.955070603337612,0,0.0,1325,85.04492939666238,53,3.4017971758664958,0,0.0,179,11.489088575096277,0,0.0,0,0.0,0,0.0,0,0.0,0,0.0,0,0.0,1,0.06418485237483953,0,0.0,0,0.0,0,0.0,0,0.0,0,0.0,0,0.0,0,0.0,0,0.0,0,0.0,0,0.0,0,0.0,0,0.0,0,0.0,0,0.0
pad025d,233,14.955070603337612,0,0.0,1325,85.04492939666238,34,2.1822849807445444,0,0.0,199,12.77278562259307,0,0.0,0,0.0,0,0.0,0,0.0,0,0.0,0,0.0,0,0.0,0,0.0,0,0.0,0,0.0,0,0.0,0,0.0,0,0.0,0,0.0,0,0.0,0,0.0,0,0.0,0,0.0,0,0.0,0,0.0,0,0.0
pad026,1357,87.09884467265725,0,0.0,201,12.901155327342748,1017,65.2759948652118,0,0.0,338,21.694480102695763,0,0.0,0,0.0,0,0.0,0,0.0,0,0.0,0,0.0,2,0.12836970474967907,0,0.0,0,0.0,0,0.0,0,0.0,0,0.0,0,0.0,0,0.0,0,0.0,0,0.0,0,0.0,0,0.0,0,0.0,0,0.0,0,0.0
pad026a,338,21.694480102695763,0,0.0,1220,78.30551989730424,167,10.718870346598203,0,0.0,171,10.975609756097562,0,0.0,0,0.0,0,0.0,0,0.0,0,0.0,0,0.0,0,0.0,0,0.0,0,0.0,0,0.0,0,0.0,0,0.0,0,0.0,0,0.0,0,0.0,0,0.0,0,0.0,0,0.0,0,0.0,0,0.0,0,0.0
pad026b,171,10.975609756097562,0,0.0,1387,89.02439024390245,46,2.952503209242619,0,0.0,125,8.023106546854942,0,0.0,0,0.0,0,0.0,0,0.0,0,0.0,0,0.0,0,0.0,0,0.0,0,0.0,0,0.0,0,0.0,0,0.0,0,0.0,0,0.0,0,0.0,0,0.0,0,0.0,0,0.0,0,0.0,0,0.0,0,0.0
pad026c,171,10.975609756097562,0,0.0,1387,89.02439024390245,34,2.1822849807445444,0,0.0,137,8.793324775353016,0,0.0,0,0.0,0,0.0,0,0.0,0,0.0,0,0.0,0,0.0,0,0.0,0,0.0,0,0.0,0,0.0,0,0.0,0,0.0,0,0.0,0,0.0,0,0.0,0,0.0,0,0.0,0,0.0,0,0.0,0,0.0
pad026d,171,10.975609756097562,0,0.0,1387,89.02439024390245,51,3.2734274711168165,0,0.0,120,7.702182284980745,0,0.0,0,0.0,0,0.0,0,0.0,0,0.0,0,0.0,0,0.0,0,0.0,0,0.0,0,0.0,0,0.0,0,0.0,0,0.0,0,0.0,0,0.0,0,0.0,0,0.0,0,0.0,0,0.0,0,0.0,0,0.0
pad027,1556,99.87163029525033,0,0.0,2,0.12836970474967907,1008,64.69833119383826,0,0.0,545,34.98074454428755,0,0.0,0,0.0,0,0.0,0,0.0,0,0.0,0,0.0,3,0.19255455712451863,0,0.0,0,0.0,0,0.0,0,0.0,0,0.0,0,0.0,0,0.0,0,0.0,0,0.0,0,0.0,0,0.0,0,0.0,0,0.0,0,0.0
pad027a,545,34.98074454428755,0,0.0,1013,65.01925545571245,146,9.370988446726573,0,0.0,399,25.609756097560975,0,0.0,0,0.0,0,0.0,0,0.0,0,0.0,0,0.0,0,0.0,0,0.0,0,0.0,0,0.0,0,0.0,0,0.0,0,0.0,0,0.0,0,0.0,0,0.0,0,0.0,0,0.0,0,0.0,0,0.0,0,0.0
pad027b,399,25.609756097560975,0,0.0,1159,74.39024390243902,51,3.2734274711168165,0,0.0,348,22.33632862644416,0,0.0,0,0.0,0,0.0,0,0.0,0,0.0,0,0.0,0,0.0,0,0.0,0,0.0,0,0.0,0,0.0,0,0.0,0,0.0,0,0.0,0,0.0,0,0.0,0,0.0,0,0.0,0,0.0,0,0.0,0,0.0
pad027c,399,25.609756097560975,0,0.0,1159,74.39024390243902,68,4.364569961489089,0,0.0,331,21.245186136071887,0,0.0,0,0.0,0,0.0,0,0.0,0,0.0,0,0.0,0,0.0,0,0.0,0,0.0,0,0.0,0,0.0,0,0.0,0,0.0,0,0.0,0,0.0,0,0.0,0,0.0,0,0.0,0,0.0,0,0.0,0,0.0
pad027d,399,25.609756097560975,0,0.0,1159,74.39024390243902,50,3.209242618741977,0,0.0,348,22.33632862644416,0,0.0,0,0.0,0,0.0,0,0.0,0,0.0,0,0.0,1,0.06418485237483953,0,0.0,0,0.0,0,0.0,0,0.0,0,0.0,0,0.0,0,0.0,0,0.0,0,0.0,0,0.0,0,0.0,0,0.0,0,0.0,0,0.0
pad028,1556,99.87163029525033,0,0.0,2,0.12836970474967907,1159,74.39024390243902,0,0.0,394,25.288831835686775,0,0.0,0,0.0,0,0.0,0,0.0,0,0.0,0,0.0,3,0.19255455712451863,0,0.0,0,0.0,0,0.0,0,0.0,0,0.0,0,0.0,0,0.0,0,0.0,0,0.0,0,0.0,0,0.0,0,0.0,0,0.0,0,0.0
pad028a,394,25.288831835686775,0,0.0,1164,74.71116816431322,116,7.445442875481387,0,0.0,278,17.84338896020539,0,0.0,0,0.0,0,0.0,0,0.0,0,0.0,0,0.0,0,0.0,0,0.0,0,0.0,0,0.0,0,0.0,0,0.0,0,0.0,0,0.0,0,0.0,0,0.0,0,0.0,0,0.0,0,0.0,0,0.0,0,0.0
pad028b,278,17.84338896020539,0,0.0,1280,82.15661103979461,53,3.4017971758664958,0,0.0,225,14.441591784338895,0,0.0,0,0.0,0,0.0,0,0.0,0,0.0,0,0.0,0,0.0,0,0.0,0,0.0,0,0.0,0,0.0,0,0.0,0,0.0,0,0.0,0,0.0,0,0.0,0,0.0,0,0.0,0,0.0,0,0.0,0,0.0
pad028c,278,17.84338896020539,0,0.0,1280,82.15661103979461,54,3.465982028241335,0,0.0,223,14.313222079589217,0,0.0,0,0.0,0,0.0,0,0.0,0,0.0,0,0.0,1,0.06418485237483953,0,0.0,0,0.0,0,0.0,0,0.0,0,0.0,0,0.0,0,0.0,0,0.0,0,0.0,0,0.0,0,0.0,0,0.0,0,0.0,0,0.0
pad028d,278,17.84338896020539,0,0.0,1280,82.15661103979461,53,3.4017971758664958,0,0.0,225,14.441591784338895,0,0.0,0,0.0,0,0.0,0,0.0,0,0.0,0,0.0,0,0.0,0,0.0,0,0.0,0,0.0,0,0.0,0,0.0,0,0.0,0,0.0,0,0.0,0,0.0,0,0.0,0,0.0,0,0.0,0,0.0,0,0.0
pad029,1556,99.87163029525033,0,0.0,2,0.12836970474967907,906,58.15147625160462,0,0.0,648,41.59178433889602,0,0.0,0,0.0,0,0.0,0,0.0,0,0.0,0,0.0,2,0.12836970474967907,0,0.0,0,0.0,0,0.0,0,0.0,0,0.0,0,0.0,0,0.0,0,0.0,0,0.0,0,0.0,0,0.0,0,0.0,0,0.0,0,0.0
pad029a,648,41.59178433889602,0,0.0,910,58.40821566110398,286,18.35686777920411,0,0.0,362,23.23491655969191,0,0.0,0,0.0,0,0.0,0,0.0,0,0.0,0,0.0,0,0.0,0,0.0,0,0.0,0,0.0,0,0.0,0,0.0,0,0.0,0,0.0,0,0.0,0,0.0,0,0.0,0,0.0,0,0.0,0,0.0,0,0.0
pad029b,362,23.23491655969191,0,0.0,1196,76.76508344030809,27,1.7329910141206675,0,0.0,335,21.501925545571247,0,0.0,0,0.0,0,0.0,0,0.0,0,0.0,0,0.0,0,0.0,0,0.0,0,0.0,0,0.0,0,0.0,0,0.0,0,0.0,0,0.0,0,0.0,0,0.0,0,0.0,0,0.0,0,0.0,0,0.0,0,0.0
pad029c,362,23.23491655969191,0,0.0,1196,76.76508344030809,121,7.7663671373555845,0,0.0,236,15.14762516046213,0,0.0,0,0.0,0,0.0,0,0.0,0,0.0,0,0.0,5,0.3209242618741977,0,0.0,0,0.0,0,0.0,0,0.0,0,0.0,0,0.0,0,0.0,0,0.0,0,0.0,0,0.0,0,0.0,0,0.0,0,0.0,0,0.0
pad029d,362,23.23491655969191,0,0.0,1196,76.76508344030809,65,4.17201540436457,0,0.0,296,18.998716302952502,0,0.0,0,0.0,0,0.0,0,0.0,0,0.0,0,0.0,1,0.06418485237483953,0,0.0,0,0.0,0,0.0,0,0.0,0,0.0,0,0.0,0,0.0,0,0.0,0,0.0,0,0.0,0,0.0,0,0.0,0,0.0,0,0.0
pad030,1260,80.87291399229781,0,0.0,298,19.127086007702182,1052,67.52246469833119,0,0.0,206,13.222079589216944,0,0.0,0,0.0,0,0.0,0,0.0,0,0.0,0,0.0,2,0.12836970474967907,0,0.0,0,0.0,0,0.0,0,0.0,0,0.0,0,0.0,0,0.0,0,0.0,0,0.0,0,0.0,0,0.0,0,0.0,0,0.0,0,0.0
pad030a,206,13.222079589216944,0,0.0,1352,86.77792041078305,151,9.691912708600771,0,0.0,55,3.530166880616174,0,0.0,0,0.0,0,0.0,0,0.0,0,0.0,0,0.0,0,0.0,0,0.0,0,0.0,0,0.0,0,0.0,0,0.0,0,0.0,0,0.0,0,0.0,0,0.0,0,0.0,0,0.0,0,0.0,0,0.0,0,0.0
pad030b,55,3.530166880616174,0,0.0,1503,96.46983311938384,10,0.6418485237483954,0,0.0,45,2.8883183568677793,0,0.0,0,0.0,0,0.0,0,0.0,0,0.0,0,0.0,0,0.0,0,0.0,0,0.0,0,0.0,0,0.0,0,0.0,0,0.0,0,0.0,0,0.0,0,0.0,0,0.0,0,0.0,0,0.0,0,0.0,0,0.0
pad030c,55,3.530166880616174,0,0.0,1503,96.46983311938384,20,1.2836970474967908,0,0.0,34,2.1822849807445444,0,0.0,0,0.0,0,0.0,0,0.0,0,0.0,0,0.0,1,0.06418485237483953,0,0.0,0,0.0,0,0.0,0,0.0,0,0.0,0,0.0,0,0.0,0,0.0,0,0.0,0,0.0,0,0.0,0,0.0,0,0.0,0,0.0
pad030d,55,3.530166880616174,0,0.0,1503,96.46983311938384,18,1.1553273427471118,0,0.0,37,2.3748395378690628,0,0.0,0,0.0,0,0.0,0,0.0,0,0.0,0,0.0,0,0.0,0,0.0,0,0.0,0,0.0,0,0.0,0,0.0,0,0.0,0,0.0,0,0.0,0,0.0,0,0.0,0,0.0,0,0.0,0,0.0,0,0.0
pad031,1556,99.87163029525033,0,0.0,2,0.12836970474967907,1033,66.30295250320924,0,0.0,519,33.311938382541726,0,0.0,0,0.0,0,0.0,0,0.0,0,0.0,0,0.0,4,0.25673940949935814,0,0.0,0,0.0,0,0.0,0,0.0,0,0.0,0,0.0,0,0.0,0,0.0,0,0.0,0,0.0,0,0.0,0,0.0,0,0.0,0,0.0
pad031a,519,33.311938382541726,0,0.0,1039,66.68806161745829,232,14.890885750962774,0,0.0,287,18.421052631578945,0,0.0,0,0.0,0,0.0,0,0.0,0,0.0,0,0.0,0,0.0,0,0.0,0,0.0,0,0.0,0,0.0,0,0.0,0,0.0,0,0.0,0,0.0,0,0.0,0,0.0,0,0.0,0,0.0,0,0.0,0,0.0
pad031b,287,18.421052631578945,0,0.0,1271,81.57894736842105,24,1.540436456996149,0,0.0,263,16.880616174582798,0,0.0,0,0.0,0,0.0,0,0.0,0,0.0,0,0.0,0,0.0,0,0.0,0,0.0,0,0.0,0,0.0,0,0.0,0,0.0,0,0.0,0,0.0,0,0.0,0,0.0,0,0.0,0,0.0,0,0.0,0,0.0
pad031c,287,18.421052631578945,0,0.0,1271,81.57894736842105,76,4.878048780487805,0,0.0,207,13.286264441591783,0,0.0,0,0.0,0,0.0,0,0.0,0,0.0,0,0.0,4,0.25673940949935814,0,0.0,0,0.0,0,0.0,0,0.0,0,0.0,0,0.0,0,0.0,0,0.0,0,0.0,0,0.0,0,0.0,0,0.0,0,0.0,0,0.0
pad031d,287,18.421052631578945,0,0.0,1271,81.57894736842105,42,2.6957637997432604,0,0.0,245,15.725288831835687,0,0.0,0,0.0,0,0.0,0,0.0,0,0.0,0,0.0,0,0.0,0,0.0,0,0.0,0,0.0,0,0.0,0,0.0,0,0.0,0,0.0,0,0.0,0,0.0,0,0.0,0,0.0,0,0.0,0,0.0,0,0.0
pad032,1556,99.87163029525033,0,0.0,2,0.12836970474967907,1155,74.13350449293966,0,0.0,398,25.54557124518614,0,0.0,0,0.0,0,0.0,0,0.0,0,0.0,0,0.0,3,0.19255455712451863,0,0.0,0,0.0,0,0.0,0,0.0,0,0.0,0,0.0,0,0.0,0,0.0,0,0.0,0,0.0,0,0.0,0,0.0,0,0.0,0,0.0
pad032a,398,25.54557124518614,0,0.0,1160,74.45442875481386,168,10.783055198973042,0,0.0,230,14.762516046213095,0,0.0,0,0.0,0,0.0,0,0.0,0,0.0,0,0.0,0,0.0,0,0.0,0,0.0,0,0.0,0,0.0,0,0.0,0,0.0,0,0.0,0,0.0,0,0.0,0,0.0,0,0.0,0,0.0,0,0.0,0,0.0
pad032b,230,14.762516046213095,0,0.0,1328,85.2374839537869,50,3.209242618741977,0,0.0,180,11.553273427471117,0,0.0,0,0.0,0,0.0,0,0.0,0,0.0,0,0.0,0,0.0,0,0.0,0,0.0,0,0.0,0,0.0,0,0.0,0,0.0,0,0.0,0,0.0,0,0.0,0,0.0,0,0.0,0,0.0,0,0.0,0,0.0
pad032c,230,14.762516046213095,0,0.0,1328,85.2374839537869,25,1.6046213093709885,0,0.0,203,13.029525032092426,0,0.0,0,0.0,0,0.0,0,0.0,0,0.0,0,0.0,2,0.12836970474967907,0,0.0,0,0.0,0,0.0,0,0.0,0,0.0,0,0.0,0,0.0,0,0.0,0,0.0,0,0.0,0,0.0,0,0.0,0,0.0,0,0.0
pad032d,230,14.762516046213095,0,0.0,1328,85.2374839537869,53,3.4017971758664958,0,0.0,177,11.360718870346599,0,0.0,0,0.0,0,0.0,0,0.0,0,0.0,0,0.0,0,0.0,0,0.0,0,0.0,0,0.0,0,0.0,0,0.0,0,0.0,0,0.0,0,0.0,0,0.0,0,0.0,0,0.0,0,0.0,0,0.0,0,0.0
pad033,1556,99.87163029525033,0,0.0,2,0.12836970474967907,1252,80.3594351732991,0,0.0,301,19.319640564826702,0,0.0,0,0.0,0,0.0,0,0.0,0,0.0,0,0.0,3,0.19255455712451863,0,0.0,0,0.0,0,0.0,0,0.0,0,0.0,0,0.0,0,0.0,0,0.0,0,0.0,0,0.0,0,0.0,0,0.0,0,0.0,0,0.0
pad033a,301,19.319640564826702,0,0.0,1257,80.6803594351733,301,19.319640564826702,0,0.0,0,0.0,0,0.0,0,0.0,0,0.0,0,0.0,0,0.0,0,0.0,0,0.0,0,0.0,0,0.0,0,0.0,0,0.0,0,0.0,0,0.0,0,0.0,0,0.0,0,0.0,0,0.0,0,0.0,0,0.0,0,0.0,0,0.0
pad033b,301,19.319640564826702,0,0.0,1257,80.6803594351733,45,2.8883183568677793,0,0.0,256,16.43132220795892,0,0.0,0,0.0,0,0.0,0,0.0,0,0.0,0,0.0,0,0.0,0,0.0,0,0.0,0,0.0,0,0.0,0,0.0,0,0.0,0,0.0,0,0.0,0,0.0,0,0.0,0,0.0,0,0.0,0,0.0,0,0.0
pad033c,301,19.319640564826702,0,0.0,1257,80.6803594351733,221,14.184852374839538,0,0.0,80,5.134788189987163,0,0.0,0,0.0,0,0.0,0,0.0,0,0.0,0,0.0,0,0.0,0,0.0,0,0.0,0,0.0,0,0.0,0,0.0,0,0.0,0,0.0,0,0.0,0,0.0,0,0.0,0,0.0,0,0.0,0,0.0,0,0.0
pad033d,80,5.134788189987163,0,0.0,1478,94.86521181001284,26,1.6688061617458279,0,0.0,54,3.465982028241335,0,0.0,0,0.0,0,0.0,0,0.0,0,0.0,0,0.0,0,0.0,0,0.0,0,0.0,0,0.0,0,0.0,0,0.0,0,0.0,0,0.0,0,0.0,0,0.0,0,0.0,0,0.0,0,0.0,0,0.0,0,0.0
pad033e,80,5.134788189987163,0,0.0,1478,94.86521181001284,18,1.1553273427471118,0,0.0,62,3.979460847240052,0,0.0,0,0.0,0,0.0,0,0.0,0,0.0,0,0.0,0,0.0,0,0.0,0,0.0,0,0.0,0,0.0,0,0.0,0,0.0,0,0.0,0,0.0,0,0.0,0,0.0,0,0.0,0,0.0,0,0.0,0,0.0
pad033f,80,5.134788189987163,0,0.0,1478,94.86521181001284,23,1.4762516046213094,0,0.0,57,3.6585365853658534,0,0.0,0,0.0,0,0.0,0,0.0,0,0.0,0,0.0,0,0.0,0,0.0,0,0.0,0,0.0,0,0.0,0,0.0,0,0.0,0,0.0,0,0.0,0,0.0,0,0.0,0,0.0,0,0.0,0,0.0,0,0.0
pad034y,473,30.359435173299104,360,23.106546854942234,1085,69.6405648267009,0,0.0,11,0.7060333761232349,21,1.3478818998716302,43,2.7599486521181,41,2.631578947368421,40,2.5673940949935816,23,1.4762516046213094,18,1.1553273427471118,15,0.9627727856225932,13,0.8344030808729139,15,0.9627727856225932,7,0.4492939666238768,13,0.8344030808729139,13,0.8344030808729139,11,0.7060333761232349,10,0.6418485237483954,3,0.19255455712451863,3,0.19255455712451863,0,0.0,0,0.0,170,10.911424903722722,0,0.0,0,0.0,3,0.19255455712451863
pad034z,3,0.19255455712451863,2,0.12836970474967907,1555,99.80744544287549,0,0.0,0,0.0,0,0.0,0,0.0,1,0.06418485237483953,0,0.0,0,0.0,0,0.0,0,0.0,0,0.0,0,0.0,0,0.0,0,0.0,0,0.0,0,0.0,0,0.0,0,0.0,0,0.0,0,0.0,1,0.06418485237483953,0,0.0,0,0.0,0,0.0,1,0.06418485237483953
pad034a,67,4.3003851091142495,0,0.0,1491,95.69961489088575,23,1.4762516046213094,0,0.0,44,2.8241335044929397,0,0.0,0,0.0,0,0.0,0,0.0,0,0.0,0,0.0,0,0.0,0,0.0,0,0.0,0,0.0,0,0.0,0,0.0,0,0.0,0,0.0,0,0.0,0,0.0,0,0.0,0,0.0,0,0.0,0,0.0,0,0.0
pad034b,428,27.471116816431323,0,0.0,1130,72.52888318356868,337,21.630295250320923,0,0.0,91,5.840821566110398,0,0.0,0,0.0,0,0.0,0,0.0,0,0.0,0,0.0,0,0.0,0,0.0,0,0.0,0,0.0,0,0.0,0,0.0,0,0.0,0,0.0,0,0.0,0,0.0,0,0.0,0,0.0,0,0.0,0,0.0,0,0.0
pad034c,91,5.840821566110398,0,0.0,1467,94.15917843388961,40,2.5673940949935816,0,0.0,51,3.2734274711168165,0,0.0,0,0.0,0,0.0,0,0.0,0,0.0,0,0.0,0,0.0,0,0.0,0,0.0,0,0.0,0,0.0,0,0.0,0,0.0,0,0.0,0,0.0,0,0.0,0,0.0,0,0.0,0,0.0,0,0.0,0,0.0
pad034dy,51,3.2734274711168165,38,2.4390243902439024,1507,96.72657252888318,0,0.0,0,0.0,1,0.06418485237483953,0,0.0,2,0.12836970474967907,1,0.06418485237483953,9,0.5776636713735559,1,0.06418485237483953,2,0.12836970474967907,7,0.4492939666238768,3,0.19255455712451863,4,0.25673940949935814,2,0.12836970474967907,3,0.19255455712451863,2,0.12836970474967907,4,0.25673940949935814,5,0.3209242618741977,2,0.12836970474967907,0,0.0,0,0.0,1,0.06418485237483953,0,0.0,2,0.12836970474967907,0,0.0
pad034dz,0,0.0,0,0.0,1558,100.0,0,0.0,0,0.0,0,0.0,0,0.0,0,0.0,0,0.0,0,0.0,0,0.0,0,0.0,0,0.0,0,0.0,0,0.0,0,0.0,0,0.0,0,0.0,0,0.0,0,0.0,0,0.0,0,0.0,0,0.0,0,0.0,0,0.0,0,0.0,0,0.0
pad034e,15,0.9627727856225932,0,0.0,1543,99.03722721437741,4,0.25673940949935814,0,0.0,11,0.7060333761232349,0,0.0,0,0.0,0,0.0,0,0.0,0,0.0,0,0.0,0,0.0,0,0.0,0,0.0,0,0.0,0,0.0,0,0.0,0,0.0,0,0.0,0,0.0,0,0.0,0,0.0,0,0.0,0,0.0,0,0.0,0,0.0
pad035y,428,27.471116816431323,259,16.62387676508344,1130,72.52888318356868,5,0.3209242618741977,4,0.25673940949935814,18,1.1553273427471118,35,2.246469833119384,31,1.989730423620026,47,3.0166880616174585,44,2.8241335044929397,27,1.7329910141206675,19,1.2195121951219512,24,1.540436456996149,20,1.2836970474967908,10,0.6418485237483954,17,1.0911424903722722,15,0.9627727856225932,8,0.5134788189987163,11,0.7060333761232349,7,0.4492939666238768,5,0.3209242618741977,1,0.06418485237483953,0,0.0,39,2.503209242618742,1,0.06418485237483953,25,1.6046213093709885,15,0.9627727856225932
pad035z,13,0.8344030808729139,3,0.19255455712451863,1545,99.16559691912708,0,0.0,1,0.06418485237483953,0,0.0,0,0.0,0,0.0,0,0.0,0,0.0,0,0.0,0,0.0,0,0.0,0,0.0,0,0.0,0,0.0,0,0.0,0,0.0,0,0.0,0,0.0,0,0.0,0,0.0,2,0.12836970474967907,0,0.0,0,0.0,0,0.0,10,0.6418485237483954
pad036,440,28.241335044929393,14,0.8985879332477535,1118,71.7586649550706,306,19.6405648267009,14,0.8985879332477535,120,7.702182284980745,0,0.0,0,0.0,0,0.0,0,0.0,0,0.0,0,0.0,0,0.0,0,0.0,0,0.0,0,0.0,0,0.0,0,0.0,0,0.0,0,0.0,0,0.0,0,0.0,0,0.0,0,0.0,0,0.0,0,0.0,0,0.0
pad037,473,30.359435173299104,77,4.942233632862644,1085,69.6405648267009,207,13.286264441591783,77,4.942233632862644,189,12.130937098844672,0,0.0,0,0.0,0,0.0,0,0.0,0,0.0,0,0.0,0,0.0,0,0.0,0,0.0,0,0.0,0,0.0,0,0.0,0,0.0,0,0.0,0,0.0,0,0.0,0,0.0,0,0.0,0,0.0,0,0.0,0,0.0
pad037a,266,17.073170731707318,42,2.6957637997432604,1292,82.92682926829268,0,0.0,42,2.6957637997432604,150,9.62772785622593,74,4.7496790757381255,0,0.0,0,0.0,0,0.0,0,0.0,0,0.0,0,0.0,0,0.0,0,0.0,0,0.0,0,0.0,0,0.0,0,0.0,0,0.0,0,0.0,0,0.0,0,0.0,0,0.0,0,0.0,0,0.0,0,0.0
pad038,473,30.359435173299104,24,1.540436456996149,1085,69.6405648267009,399,25.609756097560975,24,1.540436456996149,50,3.209242618741977,0,0.0,0,0.0,0,0.0,0,0.0,0,0.0,0,0.0,0,0.0,0,0.0,0,0.0,0,0.0,0,0.0,0,0.0,0,0.0,0,0.0,0,0.0,0,0.0,0,0.0,0,0.0,0,0.0,0,0.0,0,0.0
pad038a,74,4.7496790757381255,12,0.7702182284980745,1484,95.25032092426187,0,0.0,12,0.7702182284980745,47,3.0166880616174585,15,0.9627727856225932,0,0.0,0,0.0,0,0.0,0,0.0,0,0.0,0,0.0,0,0.0,0,0.0,0,0.0,0,0.0,0,0.0,0,0.0,0,0.0,0,0.0,0,0.0,0,0.0,0,0.0,0,0.0,0,0.0,0,0.0
pad039,473,30.359435173299104,15,0.9627727856225932,1085,69.6405648267009,415,26.63671373555841,15,0.9627727856225932,43,2.7599486521181,0,0.0,0,0.0,0,0.0,0,0.0,0,0.0,0,0.0,0,0.0,0,0.0,0,0.0,0,0.0,0,0.0,0,0.0,0,0.0,0,0.0,0,0.0,0,0.0,0,0.0,0,0.0,0,0.0,0,0.0,0,0.0
pad039a,58,3.7227214377406934,9,0.5776636713735559,1500,96.27727856225931,0,0.0,9,0.5776636713735559,41,2.631578947368421,8,0.5134788189987163,0,0.0,0,0.0,0,0.0,0,0.0,0,0.0,0,0.0,0,0.0,0,0.0,0,0.0,0,0.0,0,0.0,0,0.0,0,0.0,0,0.0,0,0.0,0,0.0,0,0.0,0,0.0,0,0.0,0,0.0
pad040,457,29.33247753530167,23,1.4762516046213094,1101,70.66752246469832,309,19.83311938382542,23,1.4762516046213094,125,8.023106546854942,0,0.0,0,0.0,0,0.0,0,0.0,0,0.0,0,0.0,0,0.0,0,0.0,0,0.0,0,0.0,0,0.0,0,0.0,0,0.0,0,0.0,0,0.0,0,0.0,0,0.0,0,0.0,0,0.0,0,0.0,0,0.0
pad040a,148,9.499358151476251,79,5.070603337612323,1410,90.50064184852374,0,0.0,79,5.070603337612323,45,2.8883183568677793,24,1.540436456996149,0,0.0,0,0.0,0,0.0,0,0.0,0,0.0,0,0.0,0,0.0,0,0.0,0,0.0,0,0.0,0,0.0,0,0.0,0,0.0,0,0.0,0,0.0,0,0.0,0,0.0,0,0.0,0,0.0,0,0.0
pad041,457,29.33247753530167,50,3.209242618741977,1101,70.66752246469832,269,17.265725288831835,50,3.209242618741977,136,8.729139922978177,0,0.0,0,0.0,0,0.0,0,0.0,0,0.0,0,0.0,2,0.12836970474967907,0,0.0,0,0.0,0,0.0,0,0.0,0,0.0,0,0.0,0,0.0,0,0.0,0,0.0,0,0.0,0,0.0,0,0.0,0,0.0,0,0.0
pad041a,186,11.938382541720154,30,1.9255455712451863,1372,88.06161745827985,0,0.0,30,1.9255455712451863,101,6.482670089858793,55,3.530166880616174,0,0.0,0,0.0,0,0.0,0,0.0,0,0.0,0,0.0,0,0.0,0,0.0,0,0.0,0,0.0,0,0.0,0,0.0,0,0.0,0,0.0,0,0.0,0,0.0,0,0.0,0,0.0,0,0.0,0,0.0
pad042,473,30.359435173299104,26,1.6688061617458279,1085,69.6405648267009,404,25.930680359435172,26,1.6688061617458279,42,2.6957637997432604,0,0.0,0,0.0,0,0.0,0,0.0,0,0.0,0,0.0,1,0.06418485237483953,0,0.0,0,0.0,0,0.0,0,0.0,0,0.0,0,0.0,0,0.0,0,0.0,0,0.0,0,0.0,0,0.0,0,0.0,0,0.0,0,0.0
pad042a,68,4.364569961489089,38,2.4390243902439024,1490,95.63543003851092,0,0.0,38,2.4390243902439024,23,1.4762516046213094,7,0.4492939666238768,0,0.0,0,0.0,0,0.0,0,0.0,0,0.0,0,0.0,0,0.0,0,0.0,0,0.0,0,0.0,0,0.0,0,0.0,0,0.0,0,0.0,0,0.0,0,0.0,0,0.0,0,0.0,0,0.0,0,0.0
pad043,473,30.359435173299104,0,0.0,1085,69.6405648267009,377,24.197689345314505,0,0.0,91,5.840821566110398,0,0.0,0,0.0,0,0.0,0,0.0,0,0.0,0,0.0,5,0.3209242618741977,0,0.0,0,0.0,0,0.0,0,0.0,0,0.0,0,0.0,0,0.0,0,0.0,0,0.0,0,0.0,0,0.0,0,0.0,0,0.0,0,0.0
pad043ay,91,5.840821566110398,62,3.979460847240052,1467,94.15917843388961,0,0.0,0,0.0,0,0.0,0,0.0,0,0.0,22,1.4120667522464698,12,0.7702182284980745,12,0.7702182284980745,9,0.5776636713735559,7,0.4492939666238768,4,0.25673940949935814,4,0.25673940949935814,4,0.25673940949935814,5,0.3209242618741977,5,0.3209242618741977,3,0.19255455712451863,1,0.06418485237483953,2,0.12836970474967907,0,0.0,0,0.0,0,0.0,0,0.0,0,0.0,1,0.06418485237483953
pad043az,1,0.06418485237483953,1,0.06418485237483953,1557,99.93581514762516,0,0.0,0,0.0,0,0.0,0,0.0,0,0.0,0,0.0,0,0.0,0,0.0,0,0.0,0,0.0,0,0.0,0,0.0,0,0.0,0,0.0,0,0.0,0,0.0,0,0.0,0,0.0,0,0.0,1,0.06418485237483953,0,0.0,0,0.0,0,0.0,0,0.0
pad044,1556,99.87163029525033,0,0.0,2,0.12836970474967907,1484,95.25032092426187,0,0.0,70,4.492939666238768,0,0.0,0,0.0,0,0.0,0,0.0,0,0.0,0,0.0,2,0.12836970474967907,0,0.0,0,0.0,0,0.0,0,0.0,0,0.0,0,0.0,0,0.0,0,0.0,0,0.0,0,0.0,0,0.0,0,0.0,0,0.0,0,0.0
pad044a,70,4.492939666238768,0,0.0,1488,95.50706033376123,70,4.492939666238768,0,0.0,0,0.0,0,0.0,0,0.0,0,0.0,0,0.0,0,0.0,0,0.0,0,0.0,0,0.0,0,0.0,0,0.0,0,0.0,0,0.0,0,0.0,0,0.0,0,0.0,0,0.0,0,0.0,0,0.0,0,0.0,0,0.0,0,0.0
pad044b,70,4.492939666238768,0,0.0,1488,95.50706033376123,30,1.9255455712451863,0,0.0,40,2.5673940949935816,0,0.0,0,0.0,0,0.0,0,0.0,0,0.0,0,0.0,0,0.0,0,0.0,0,0.0,0,0.0,0,0.0,0,0.0,0,0.0,0,0.0,0,0.0,0,0.0,0,0.0,0,0.0,0,0.0,0,0.0,0,0.0
pad044c,70,4.492939666238768,0,0.0,1488,95.50706033376123,34,2.1822849807445444,0,0.0,36,2.3106546854942236,0,0.0,0,0.0,0,0.0,0,0.0,0,0.0,0,0.0,0,0.0,0,0.0,0,0.0,0,0.0,0,0.0,0,0.0,0,0.0,0,0.0,0,0.0,0,0.0,0,0.0,0,0.0,0,0.0,0,0.0,0,0.0
pad045,621,39.858793324775355,0,0.0,937,60.141206675224645,541,34.724005134788186,0,0.0,80,5.134788189987163,0,0.0,0,0.0,0,0.0,0,0.0,0,0.0,0,0.0,0,0.0,0,0.0,0,0.0,0,0.0,0,0.0,0,0.0,0,0.0,0,0.0,0,0.0,0,0.0,0,0.0,0,0.0,0,0.0,0,0.0,0,0.0
pad045a,541,34.724005134788186,0,0.0,1017,65.2759948652118,526,33.761232349165596,0,0.0,15,0.9627727856225932,0,0.0,0,0.0,0,0.0,0,0.0,0,0.0,0,0.0,0,0.0,0,0.0,0,0.0,0,0.0,0,0.0,0,0.0,0,0.0,0,0.0,0,0.0,0,0.0,0,0.0,0,0.0,0,0.0,0,0.0,0,0.0
pad046,95,6.097560975609756,0,0.0,1463,93.90243902439023,95,6.097560975609756,0,0.0,0,0.0,0,0.0,0,0.0,0,0.0,0,0.0,0,0.0,0,0.0,0,0.0,0,0.0,0,0.0,0,0.0,0,0.0,0,0.0,0,0.0,0,0.0,0,0.0,0,0.0,0,0.0,0,0.0,0,0.0,0,0.0,0,0.0
pad046a,80,5.134788189987163,0,0.0,1478,94.86521181001284,80,5.134788189987163,0,0.0,0,0.0,0,0.0,0,0.0,0,0.0,0,0.0,0,0.0,0,0.0,0,0.0,0,0.0,0,0.0,0,0.0,0,0.0,0,0.0,0,0.0,0,0.0,0,0.0,0,0.0,0,0.0,0,0.0,0,0.0,0,0.0,0,0.0
