question,cnt_non_nan,pct_non_nan,cnt_non_standard,pct_non_standard,cnt_nan,pct_nan,cnt_0_NO,pct_0_NO,cnt_1,pct_1,cnt_2_SI,pct_2_SI,cnt_3_AV/A,pct_3_AV/A,cnt_4,pct_4,cnt_5,pct_5,cnt_6,pct_6,cnt_7_NR,pct_7_NR,cnt_8_NA,pct_8_NA,cnt_9_NS,pct_9_NS,cnt_10,pct_10,cnt_11,pct_11,cnt_12,pct_12,cnt_13,pct_13,cnt_14,pct_14,cnt_15,pct_15,cnt_16,pct_16,cnt_17,pct_17,cnt_18,pct_18,cnt_20,pct_20,cnt_25,pct_25,cnt_30,pct_30,cnt_60,pct_60,cnt_66,pct_66,cnt_88_NA,pct_88_NA,cnt_99_NS,pct_99_NS
pal001,1556,99.87163029525033,0,0.0,2,0.12836970474967907,1173,75.28883183568678,0,0.0,382,24.5186136071887,0,0.0,0,0.0,0,0.0,0,0.0,0,0.0,0,0.0,1,0.06418485237483953,0,0.0,0,0.0,0,0.0,0,0.0,0,0.0,0,0.0,0,0.0,0,0.0,0,0.0,0,0.0,0,0.0,0,0.0,0,0.0,0,0.0,0,0.0,0,0.0
pal001ay,382,24.5186136071887,371,23.812580231065468,1176,75.4813863928113,0,0.0,0,0.0,1,0.06418485237483953,0,0.0,2,0.12836970474967907,2,0.12836970474967907,2,0.12836970474967907,0,0.0,5,0.3209242618741977,4,0.25673940949935814,13,0.8344030808729139,21,1.3478818998716302,47,3.0166880616174585,62,3.979460847240052,74,4.7496790757381255,74,4.7496790757381255,59,3.7869062901155326,10,0.6418485237483954,5,0.3209242618741977,0,0.0,0,0.0,0,0.0,0,0.0,0,0.0,1,0.06418485237483953,0,0.0
pal001az,0,0.0,0,0.0,1558,100.0,0,0.0,0,0.0,0,0.0,0,0.0,0,0.0,0,0.0,0,0.0,0,0.0,0,0.0,0,0.0,0,0.0,0,0.0,0,0.0,0,0.0,0,0.0,0,0.0,0,0.0,0,0.0,0,0.0,0,0.0,0,0.0,0,0.0,0,0.0,0,0.0,0,0.0,0,0.0
pal001b,327,20.98844672657253,0,0.0,1231,79.01155327342747,66,4.2362002567394095,0,0.0,261,16.752246469833118,0,0.0,0,0.0,0,0.0,0,0.0,0,0.0,0,0.0,0,0.0,0,0.0,0,0.0,0,0.0,0,0.0,0,0.0,0,0.0,0,0.0,0,0.0,0,0.0,0,0.0,0,0.0,0,0.0,0,0.0,0,0.0,0,0.0,0,0.0
pal001c,316,20.282413350449293,0,0.0,1242,79.71758664955071,132,8.472400513478819,0,0.0,184,11.810012836970476,0,0.0,0,0.0,0,0.0,0,0.0,0,0.0,0,0.0,0,0.0,0,0.0,0,0.0,0,0.0,0,0.0,0,0.0,0,0.0,0,0.0,0,0.0,0,0.0,0,0.0,0,0.0,0,0.0,0,0.0,0,0.0,0,0.0,0,0.0
pal001d,198,12.70860077021823,0,0.0,1360,87.29139922978177,155,9.948652118100128,0,0.0,43,2.7599486521181,0,0.0,0,0.0,0,0.0,0,0.0,0,0.0,0,0.0,0,0.0,0,0.0,0,0.0,0,0.0,0,0.0,0,0.0,0,0.0,0,0.0,0,0.0,0,0.0,0,0.0,0,0.0,0,0.0,0,0.0,0,0.0,0,0.0,0,0.0
pal001e,43,2.7599486521181,0,0.0,1515,97.24005134788189,23,1.4762516046213094,0,0.0,20,1.2836970474967908,0,0.0,0,0.0,0,0.0,0,0.0,0,0.0,0,0.0,0,0.0,0,0.0,0,0.0,0,0.0,0,0.0,0,0.0,0,0.0,0,0.0,0,0.0,0,0.0,0,0.0,0,0.0,0,0.0,0,0.0,0,0.0,0,0.0,0,0.0
pal001f,184,11.810012836970476,112,7.188703465982028,1374,88.18998716302953,0,0.0,77,4.942233632862644,46,2.952503209242619,26,1.6688061617458279,17,1.0911424903722722,18,1.1553273427471118,0,0.0,0,0.0,0,0.0,0,0.0,0,0.0,0,0.0,0,0.0,0,0.0,0,0.0,0,0.0,0,0.0,0,0.0,0,0.0,0,0.0,0,0.0,0,0.0,0,0.0,0,0.0,0,0.0,0,0.0
pal001g,184,11.810012836970476,0,0.0,1374,88.18998716302953,41,2.631578947368421,0,0.0,143,9.178433889602054,0,0.0,0,0.0,0,0.0,0,0.0,0,0.0,0,0.0,0,0.0,0,0.0,0,0.0,0,0.0,0,0.0,0,0.0,0,0.0,0,0.0,0,0.0,0,0.0,0,0.0,0,0.0,0,0.0,0,0.0,0,0.0,0,0.0,0,0.0
pal001h,41,2.631578947368421,26,1.6688061617458279,1517,97.36842105263158,1,0.06418485237483953,2,0.12836970474967907,2,0.12836970474967907,2,0.12836970474967907,2,0.12836970474967907,1,0.06418485237483953,8,0.5134788189987163,2,0.12836970474967907,3,0.19255455712451863,5,0.3209242618741977,6,0.38510911424903727,5,0.3209242618741977,2,0.12836970474967907,0,0.0,0,0.0,0,0.0,0,0.0,0,0.0,0,0.0,0,0.0,0,0.0,0,0.0,0,0.0,0,0.0,0,0.0,0,0.0
pal001i,184,11.810012836970476,124,7.958921694480104,1374,88.18998716302953,0,0.0,23,1.4762516046213094,33,2.1181001283697047,15,0.9627727856225932,21,1.3478818998716302,23,1.4762516046213094,21,1.3478818998716302,5,0.3209242618741977,5,0.3209242618741977,2,0.12836970474967907,12,0.7702182284980745,1,0.06418485237483953,3,0.19255455712451863,1,0.06418485237483953,1,0.06418485237483953,3,0.19255455712451863,2,0.12836970474967907,0,0.0,0,0.0,5,0.3209242618741977,2,0.12836970474967907,1,0.06418485237483953,2,0.12836970474967907,3,0.19255455712451863,0,0.0,0,0.0
pal001j,184,11.810012836970476,28,1.797175866495507,1374,88.18998716302953,137,8.793324775353016,18,1.1553273427471118,10,0.6418485237483954,4,0.25673940949935814,5,0.3209242618741977,2,0.12836970474967907,0,0.0,3,0.19255455712451863,1,0.06418485237483953,0,0.0,1,0.06418485237483953,0,0.0,0,0.0,0,0.0,0,0.0,0,0.0,0,0.0,0,0.0,0,0.0,0,0.0,0,0.0,0,0.0,0,0.0,2,0.12836970474967907,0,0.0,1,0.06418485237483953
pal001k,184,11.810012836970476,0,0.0,1374,88.18998716302953,115,7.381258023106548,0,0.0,69,4.428754813863929,0,0.0,0,0.0,0,0.0,0,0.0,0,0.0,0,0.0,0,0.0,0,0.0,0,0.0,0,0.0,0,0.0,0,0.0,0,0.0,0,0.0,0,0.0,0,0.0,0,0.0,0,0.0,0,0.0,0,0.0,0,0.0,0,0.0,0,0.0
pal001ly,184,11.810012836970476,145,9.306803594351733,1374,88.18998716302953,37,2.3748395378690628,0,0.0,0,0.0,0,0.0,0,0.0,0,0.0,0,0.0,0,0.0,0,0.0,1,0.06418485237483953,1,0.06418485237483953,2,0.12836970474967907,7,0.4492939666238768,12,0.7702182284980745,31,1.989730423620026,40,2.5673940949935816,31,1.989730423620026,12,0.7702182284980745,9,0.5776636713735559,0,0.0,0,0.0,0,0.0,0,0.0,0,0.0,0,0.0,1,0.06418485237483953
pal001lz,1,0.06418485237483953,0,0.0,1557,99.93581514762516,0,0.0,0,0.0,0,0.0,0,0.0,0,0.0,0,0.0,0,0.0,0,0.0,1,0.06418485237483953,0,0.0,0,0.0,0,0.0,0,0.0,0,0.0,0,0.0,0,0.0,0,0.0,0,0.0,0,0.0,0,0.0,0,0.0,0,0.0,0,0.0,0,0.0,0,0.0,0,0.0
pal002,182,11.681643132220795,0,0.0,1376,88.3183568677792,164,10.526315789473683,0,0.0,17,1.0911424903722722,0,0.0,0,0.0,0,0.0,0,0.0,0,0.0,1,0.06418485237483953,0,0.0,0,0.0,0,0.0,0,0.0,0,0.0,0,0.0,0,0.0,0,0.0,0,0.0,0,0.0,0,0.0,0,0.0,0,0.0,0,0.0,0,0.0,0,0.0,0,0.0
pal002a,17,1.0911424903722722,0,0.0,1541,98.90885750962772,7,0.4492939666238768,0,0.0,10,0.6418485237483954,0,0.0,0,0.0,0,0.0,0,0.0,0,0.0,0,0.0,0,0.0,0,0.0,0,0.0,0,0.0,0,0.0,0,0.0,0,0.0,0,0.0,0,0.0,0,0.0,0,0.0,0,0.0,0,0.0,0,0.0,0,0.0,0,0.0,0,0.0
pal003,172,11.0397946084724,0,0.0,1386,88.96020539152761,150,9.62772785622593,0,0.0,21,1.3478818998716302,0,0.0,0,0.0,0,0.0,0,0.0,0,0.0,1,0.06418485237483953,0,0.0,0,0.0,0,0.0,0,0.0,0,0.0,0,0.0,0,0.0,0,0.0,0,0.0,0,0.0,0,0.0,0,0.0,0,0.0,0,0.0,0,0.0,0,0.0,0,0.0
pal003a,21,1.3478818998716302,0,0.0,1537,98.65211810012838,10,0.6418485237483954,0,0.0,11,0.7060333761232349,0,0.0,0,0.0,0,0.0,0,0.0,0,0.0,0,0.0,0,0.0,0,0.0,0,0.0,0,0.0,0,0.0,0,0.0,0,0.0,0,0.0,0,0.0,0,0.0,0,0.0,0,0.0,0,0.0,0,0.0,0,0.0,0,0.0,0,0.0
pal004,161,10.333761232349167,0,0.0,1397,89.66623876765082,159,10.205391527599486,0,0.0,1,0.06418485237483953,0,0.0,0,0.0,0,0.0,0,0.0,0,0.0,1,0.06418485237483953,0,0.0,0,0.0,0,0.0,0,0.0,0,0.0,0,0.0,0,0.0,0,0.0,0,0.0,0,0.0,0,0.0,0,0.0,0,0.0,0,0.0,0,0.0,0,0.0,0,0.0
pal004a,1,0.06418485237483953,0,0.0,1557,99.93581514762516,1,0.06418485237483953,0,0.0,0,0.0,0,0.0,0,0.0,0,0.0,0,0.0,0,0.0,0,0.0,0,0.0,0,0.0,0,0.0,0,0.0,0,0.0,0,0.0,0,0.0,0,0.0,0,0.0,0,0.0,0,0.0,0,0.0,0,0.0,0,0.0,0,0.0,0,0.0,0,0.0
pal005,163,10.462130937098845,0,0.0,1395,89.53786906290115,157,10.077021822849808,0,0.0,6,0.38510911424903727,0,0.0,0,0.0,0,0.0,0,0.0,0,0.0,0,0.0,0,0.0,0,0.0,0,0.0,0,0.0,0,0.0,0,0.0,0,0.0,0,0.0,0,0.0,0,0.0,0,0.0,0,0.0,0,0.0,0,0.0,0,0.0,0,0.0,0,0.0
pal005a,6,0.38510911424903727,0,0.0,1552,99.61489088575097,3,0.19255455712451863,0,0.0,3,0.19255455712451863,0,0.0,0,0.0,0,0.0,0,0.0,0,0.0,0,0.0,0,0.0,0,0.0,0,0.0,0,0.0,0,0.0,0,0.0,0,0.0,0,0.0,0,0.0,0,0.0,0,0.0,0,0.0,0,0.0,0,0.0,0,0.0,0,0.0,0,0.0
pal006,184,11.810012836970476,0,0.0,1374,88.18998716302953,163,10.462130937098845,0,0.0,21,1.3478818998716302,0,0.0,0,0.0,0,0.0,0,0.0,0,0.0,0,0.0,0,0.0,0,0.0,0,0.0,0,0.0,0,0.0,0,0.0,0,0.0,0,0.0,0,0.0,0,0.0,0,0.0,0,0.0,0,0.0,0,0.0,0,0.0,0,0.0,0,0.0
pal006a,21,1.3478818998716302,0,0.0,1537,98.65211810012838,5,0.3209242618741977,0,0.0,16,1.0269576379974326,0,0.0,0,0.0,0,0.0,0,0.0,0,0.0,0,0.0,0,0.0,0,0.0,0,0.0,0,0.0,0,0.0,0,0.0,0,0.0,0,0.0,0,0.0,0,0.0,0,0.0,0,0.0,0,0.0,0,0.0,0,0.0,0,0.0,0,0.0
pal007,168,10.783055198973042,0,0.0,1390,89.21694480102695,162,10.397946084724005,0,0.0,6,0.38510911424903727,0,0.0,0,0.0,0,0.0,0,0.0,0,0.0,0,0.0,0,0.0,0,0.0,0,0.0,0,0.0,0,0.0,0,0.0,0,0.0,0,0.0,0,0.0,0,0.0,0,0.0,0,0.0,0,0.0,0,0.0,0,0.0,0,0.0,0,0.0
pal007a,6,0.38510911424903727,0,0.0,1552,99.61489088575097,5,0.3209242618741977,0,0.0,1,0.06418485237483953,0,0.0,0,0.0,0,0.0,0,0.0,0,0.0,0,0.0,0,0.0,0,0.0,0,0.0,0,0.0,0,0.0,0,0.0,0,0.0,0,0.0,0,0.0,0,0.0,0,0.0,0,0.0,0,0.0,0,0.0,0,0.0,0,0.0,0,0.0
pal008,167,10.718870346598203,0,0.0,1391,89.28112965340179,152,9.75609756097561,0,0.0,15,0.9627727856225932,0,0.0,0,0.0,0,0.0,0,0.0,0,0.0,0,0.0,0,0.0,0,0.0,0,0.0,0,0.0,0,0.0,0,0.0,0,0.0,0,0.0,0,0.0,0,0.0,0,0.0,0,0.0,0,0.0,0,0.0,0,0.0,0,0.0,0,0.0
pal008a,15,0.9627727856225932,0,0.0,1543,99.03722721437741,4,0.25673940949935814,0,0.0,11,0.7060333761232349,0,0.0,0,0.0,0,0.0,0,0.0,0,0.0,0,0.0,0,0.0,0,0.0,0,0.0,0,0.0,0,0.0,0,0.0,0,0.0,0,0.0,0,0.0,0,0.0,0,0.0,0,0.0,0,0.0,0,0.0,0,0.0,0,0.0,0,0.0
pal008b,11,0.7060333761232349,0,0.0,1547,99.29396662387676,3,0.19255455712451863,0,0.0,8,0.5134788189987163,0,0.0,0,0.0,0,0.0,0,0.0,0,0.0,0,0.0,0,0.0,0,0.0,0,0.0,0,0.0,0,0.0,0,0.0,0,0.0,0,0.0,0,0.0,0,0.0,0,0.0,0,0.0,0,0.0,0,0.0,0,0.0,0,0.0,0,0.0
pal009,184,11.810012836970476,0,0.0,1374,88.18998716302953,166,10.654685494223363,0,0.0,18,1.1553273427471118,0,0.0,0,0.0,0,0.0,0,0.0,0,0.0,0,0.0,0,0.0,0,0.0,0,0.0,0,0.0,0,0.0,0,0.0,0,0.0,0,0.0,0,0.0,0,0.0,0,0.0,0,0.0,0,0.0,0,0.0,0,0.0,0,0.0,0,0.0
pal009a,18,1.1553273427471118,0,0.0,1540,98.84467265725289,9,0.5776636713735559,0,0.0,9,0.5776636713735559,0,0.0,0,0.0,0,0.0,0,0.0,0,0.0,0,0.0,0,0.0,0,0.0,0,0.0,0,0.0,0,0.0,0,0.0,0,0.0,0,0.0,0,0.0,0,0.0,0,0.0,0,0.0,0,0.0,0,0.0,0,0.0,0,0.0,0,0.0
pal010,184,11.810012836970476,0,0.0,1374,88.18998716302953,171,10.975609756097562,0,0.0,13,0.8344030808729139,0,0.0,0,0.0,0,0.0,0,0.0,0,0.0,0,0.0,0,0.0,0,0.0,0,0.0,0,0.0,0,0.0,0,0.0,0,0.0,0,0.0,0,0.0,0,0.0,0,0.0,0,0.0,0,0.0,0,0.0,0,0.0,0,0.0,0,0.0
pal010a,13,0.8344030808729139,0,0.0,1545,99.16559691912708,8,0.5134788189987163,0,0.0,5,0.3209242618741977,0,0.0,0,0.0,0,0.0,0,0.0,0,0.0,0,0.0,0,0.0,0,0.0,0,0.0,0,0.0,0,0.0,0,0.0,0,0.0,0,0.0,0,0.0,0,0.0,0,0.0,0,0.0,0,0.0,0,0.0,0,0.0,0,0.0,0,0.0
pal011,69,4.428754813863929,0,0.0,1489,95.57124518613607,47,3.0166880616174585,0,0.0,22,1.4120667522464698,0,0.0,0,0.0,0,0.0,0,0.0,0,0.0,0,0.0,0,0.0,0,0.0,0,0.0,0,0.0,0,0.0,0,0.0,0,0.0,0,0.0,0,0.0,0,0.0,0,0.0,0,0.0,0,0.0,0,0.0,0,0.0,0,0.0,0,0.0
pal011a,47,3.0166880616174585,0,0.0,1511,96.98331193838254,38,2.4390243902439024,0,0.0,9,0.5776636713735559,0,0.0,0,0.0,0,0.0,0,0.0,0,0.0,0,0.0,0,0.0,0,0.0,0,0.0,0,0.0,0,0.0,0,0.0,0,0.0,0,0.0,0,0.0,0,0.0,0,0.0,0,0.0,0,0.0,0,0.0,0,0.0,0,0.0,0,0.0
pal012,69,4.428754813863929,0,0.0,1489,95.57124518613607,38,2.4390243902439024,0,0.0,31,1.989730423620026,0,0.0,0,0.0,0,0.0,0,0.0,0,0.0,0,0.0,0,0.0,0,0.0,0,0.0,0,0.0,0,0.0,0,0.0,0,0.0,0,0.0,0,0.0,0,0.0,0,0.0,0,0.0,0,0.0,0,0.0,0,0.0,0,0.0,0,0.0
pal012a,31,1.989730423620026,0,0.0,1527,98.01026957637997,5,0.3209242618741977,0,0.0,26,1.6688061617458279,0,0.0,0,0.0,0,0.0,0,0.0,0,0.0,0,0.0,0,0.0,0,0.0,0,0.0,0,0.0,0,0.0,0,0.0,0,0.0,0,0.0,0,0.0,0,0.0,0,0.0,0,0.0,0,0.0,0,0.0,0,0.0,0,0.0,0,0.0
pal012b,38,2.4390243902439024,0,0.0,1520,97.5609756097561,28,1.797175866495507,0,0.0,10,0.6418485237483954,0,0.0,0,0.0,0,0.0,0,0.0,0,0.0,0,0.0,0,0.0,0,0.0,0,0.0,0,0.0,0,0.0,0,0.0,0,0.0,0,0.0,0,0.0,0,0.0,0,0.0,0,0.0,0,0.0,0,0.0,0,0.0,0,0.0,0,0.0
pal013,69,4.428754813863929,0,0.0,1489,95.57124518613607,36,2.3106546854942236,0,0.0,33,2.1181001283697047,0,0.0,0,0.0,0,0.0,0,0.0,0,0.0,0,0.0,0,0.0,0,0.0,0,0.0,0,0.0,0,0.0,0,0.0,0,0.0,0,0.0,0,0.0,0,0.0,0,0.0,0,0.0,0,0.0,0,0.0,0,0.0,0,0.0,0,0.0
pal013a,36,2.3106546854942236,0,0.0,1522,97.68934531450579,26,1.6688061617458279,0,0.0,10,0.6418485237483954,0,0.0,0,0.0,0,0.0,0,0.0,0,0.0,0,0.0,0,0.0,0,0.0,0,0.0,0,0.0,0,0.0,0,0.0,0,0.0,0,0.0,0,0.0,0,0.0,0,0.0,0,0.0,0,0.0,0,0.0,0,0.0,0,0.0,0,0.0
pal014,69,4.428754813863929,0,0.0,1489,95.57124518613607,51,3.2734274711168165,0,0.0,18,1.1553273427471118,0,0.0,0,0.0,0,0.0,0,0.0,0,0.0,0,0.0,0,0.0,0,0.0,0,0.0,0,0.0,0,0.0,0,0.0,0,0.0,0,0.0,0,0.0,0,0.0,0,0.0,0,0.0,0,0.0,0,0.0,0,0.0,0,0.0,0,0.0
pal014a,51,3.2734274711168165,0,0.0,1507,96.72657252888318,49,3.1450577663671373,0,0.0,2,0.12836970474967907,0,0.0,0,0.0,0,0.0,0,0.0,0,0.0,0,0.0,0,0.0,0,0.0,0,0.0,0,0.0,0,0.0,0,0.0,0,0.0,0,0.0,0,0.0,0,0.0,0,0.0,0,0.0,0,0.0,0,0.0,0,0.0,0,0.0,0,0.0
pal014b,49,3.1450577663671373,0,0.0,1509,96.85494223363287,47,3.0166880616174585,0,0.0,2,0.12836970474967907,0,0.0,0,0.0,0,0.0,0,0.0,0,0.0,0,0.0,0,0.0,0,0.0,0,0.0,0,0.0,0,0.0,0,0.0,0,0.0,0,0.0,0,0.0,0,0.0,0,0.0,0,0.0,0,0.0,0,0.0,0,0.0,0,0.0,0,0.0
pal015,69,4.428754813863929,0,0.0,1489,95.57124518613607,66,4.2362002567394095,0,0.0,3,0.19255455712451863,0,0.0,0,0.0,0,0.0,0,0.0,0,0.0,0,0.0,0,0.0,0,0.0,0,0.0,0,0.0,0,0.0,0,0.0,0,0.0,0,0.0,0,0.0,0,0.0,0,0.0,0,0.0,0,0.0,0,0.0,0,0.0,0,0.0,0,0.0
pal015a,66,4.2362002567394095,0,0.0,1492,95.76379974326059,65,4.17201540436457,0,0.0,1,0.06418485237483953,0,0.0,0,0.0,0,0.0,0,0.0,0,0.0,0,0.0,0,0.0,0,0.0,0,0.0,0,0.0,0,0.0,0,0.0,0,0.0,0,0.0,0,0.0,0,0.0,0,0.0,0,0.0,0,0.0,0,0.0,0,0.0,0,0.0,0,0.0
pal016,69,4.428754813863929,0,0.0,1489,95.57124518613607,64,4.10783055198973,0,0.0,5,0.3209242618741977,0,0.0,0,0.0,0,0.0,0,0.0,0,0.0,0,0.0,0,0.0,0,0.0,0,0.0,0,0.0,0,0.0,0,0.0,0,0.0,0,0.0,0,0.0,0,0.0,0,0.0,0,0.0,0,0.0,0,0.0,0,0.0,0,0.0,0,0.0
pal017,69,4.428754813863929,0,0.0,1489,95.57124518613607,64,4.10783055198973,0,0.0,5,0.3209242618741977,0,0.0,0,0.0,0,0.0,0,0.0,0,0.0,0,0.0,0,0.0,0,0.0,0,0.0,0,0.0,0,0.0,0,0.0,0,0.0,0,0.0,0,0.0,0,0.0,0,0.0,0,0.0,0,0.0,0,0.0,0,0.0,0,0.0,0,0.0
pal017a,5,0.3209242618741977,0,0.0,1553,99.6790757381258,2,0.12836970474967907,0,0.0,3,0.19255455712451863,0,0.0,0,0.0,0,0.0,0,0.0,0,0.0,0,0.0,0,0.0,0,0.0,0,0.0,0,0.0,0,0.0,0,0.0,0,0.0,0,0.0,0,0.0,0,0.0,0,0.0,0,0.0,0,0.0,0,0.0,0,0.0,0,0.0,0,0.0
pal018,69,4.428754813863929,0,0.0,1489,95.57124518613607,62,3.979460847240052,0,0.0,7,0.4492939666238768,0,0.0,0,0.0,0,0.0,0,0.0,0,0.0,0,0.0,0,0.0,0,0.0,0,0.0,0,0.0,0,0.0,0,0.0,0,0.0,0,0.0,0,0.0,0,0.0,0,0.0,0,0.0,0,0.0,0,0.0,0,0.0,0,0.0,0,0.0
pal018a,7,0.4492939666238768,0,0.0,1551,99.55070603337613,1,0.06418485237483953,0,0.0,6,0.38510911424903727,0,0.0,0,0.0,0,0.0,0,0.0,0,0.0,0,0.0,0,0.0,0,0.0,0,0.0,0,0.0,0,0.0,0,0.0,0,0.0,0,0.0,0,0.0,0,0.0,0,0.0,0,0.0,0,0.0,0,0.0,0,0.0,0,0.0,0,0.0
pal019,69,4.428754813863929,0,0.0,1489,95.57124518613607,69,4.428754813863929,0,0.0,0,0.0,0,0.0,0,0.0,0,0.0,0,0.0,0,0.0,0,0.0,0,0.0,0,0.0,0,0.0,0,0.0,0,0.0,0,0.0,0,0.0,0,0.0,0,0.0,0,0.0,0,0.0,0,0.0,0,0.0,0,0.0,0,0.0,0,0.0,0,0.0
pal019a,0,0.0,0,0.0,1558,100.0,0,0.0,0,0.0,0,0.0,0,0.0,0,0.0,0,0.0,0,0.0,0,0.0,0,0.0,0,0.0,0,0.0,0,0.0,0,0.0,0,0.0,0,0.0,0,0.0,0,0.0,0,0.0,0,0.0,0,0.0,0,0.0,0,0.0,0,0.0,0,0.0,0,0.0,0,0.0
pal019b,0,0.0,0,0.0,1558,100.0,0,0.0,0,0.0,0,0.0,0,0.0,0,0.0,0,0.0,0,0.0,0,0.0,0,0.0,0,0.0,0,0.0,0,0.0,0,0.0,0,0.0,0,0.0,0,0.0,0,0.0,0,0.0,0,0.0,0,0.0,0,0.0,0,0.0,0,0.0,0,0.0,0,0.0,0,0.0
pal019c,0,0.0,0,0.0,1558,100.0,0,0.0,0,0.0,0,0.0,0,0.0,0,0.0,0,0.0,0,0.0,0,0.0,0,0.0,0,0.0,0,0.0,0,0.0,0,0.0,0,0.0,0,0.0,0,0.0,0,0.0,0,0.0,0,0.0,0,0.0,0,0.0,0,0.0,0,0.0,0,0.0,0,0.0,0,0.0
pal019d,0,0.0,0,0.0,1558,100.0,0,0.0,0,0.0,0,0.0,0,0.0,0,0.0,0,0.0,0,0.0,0,0.0,0,0.0,0,0.0,0,0.0,0,0.0,0,0.0,0,0.0,0,0.0,0,0.0,0,0.0,0,0.0,0,0.0,0,0.0,0,0.0,0,0.0,0,0.0,0,0.0,0,0.0,0,0.0
pal019e,0,0.0,0,0.0,1558,100.0,0,0.0,0,0.0,0,0.0,0,0.0,0,0.0,0,0.0,0,0.0,0,0.0,0,0.0,0,0.0,0,0.0,0,0.0,0,0.0,0,0.0,0,0.0,0,0.0,0,0.0,0,0.0,0,0.0,0,0.0,0,0.0,0,0.0,0,0.0,0,0.0,0,0.0,0,0.0
pal019f,0,0.0,0,0.0,1558,100.0,0,0.0,0,0.0,0,0.0,0,0.0,0,0.0,0,0.0,0,0.0,0,0.0,0,0.0,0,0.0,0,0.0,0,0.0,0,0.0,0,0.0,0,0.0,0,0.0,0,0.0,0,0.0,0,0.0,0,0.0,0,0.0,0,0.0,0,0.0,0,0.0,0,0.0,0,0.0
pal019g,0,0.0,0,0.0,1558,100.0,0,0.0,0,0.0,0,0.0,0,0.0,0,0.0,0,0.0,0,0.0,0,0.0,0,0.0,0,0.0,0,0.0,0,0.0,0,0.0,0,0.0,0,0.0,0,0.0,0,0.0,0,0.0,0,0.0,0,0.0,0,0.0,0,0.0,0,0.0,0,0.0,0,0.0,0,0.0
pal019h,0,0.0,0,0.0,1558,100.0,0,0.0,0,0.0,0,0.0,0,0.0,0,0.0,0,0.0,0,0.0,0,0.0,0,0.0,0,0.0,0,0.0,0,0.0,0,0.0,0,0.0,0,0.0,0,0.0,0,0.0,0,0.0,0,0.0,0,0.0,0,0.0,0,0.0,0,0.0,0,0.0,0,0.0,0,0.0
pal019i,0,0.0,0,0.0,1558,100.0,0,0.0,0,0.0,0,0.0,0,0.0,0,0.0,0,0.0,0,0.0,0,0.0,0,0.0,0,0.0,0,0.0,0,0.0,0,0.0,0,0.0,0,0.0,0,0.0,0,0.0,0,0.0,0,0.0,0,0.0,0,0.0,0,0.0,0,0.0,0,0.0,0,0.0,0,0.0
pal019j,0,0.0,0,0.0,1558,100.0,0,0.0,0,0.0,0,0.0,0,0.0,0,0.0,0,0.0,0,0.0,0,0.0,0,0.0,0,0.0,0,0.0,0,0.0,0,0.0,0,0.0,0,0.0,0,0.0,0,0.0,0,0.0,0,0.0,0,0.0,0,0.0,0,0.0,0,0.0,0,0.0,0,0.0,0,0.0
pal019k,0,0.0,0,0.0,1558,100.0,0,0.0,0,0.0,0,0.0,0,0.0,0,0.0,0,0.0,0,0.0,0,0.0,0,0.0,0,0.0,0,0.0,0,0.0,0,0.0,0,0.0,0,0.0,0,0.0,0,0.0,0,0.0,0,0.0,0,0.0,0,0.0,0,0.0,0,0.0,0,0.0,0,0.0,0,0.0
pal019l,0,0.0,0,0.0,1558,100.0,0,0.0,0,0.0,0,0.0,0,0.0,0,0.0,0,0.0,0,0.0,0,0.0,0,0.0,0,0.0,0,0.0,0,0.0,0,0.0,0,0.0,0,0.0,0,0.0,0,0.0,0,0.0,0,0.0,0,0.0,0,0.0,0,0.0,0,0.0,0,0.0,0,0.0,0,0.0
pal020,69,4.428754813863929,0,0.0,1489,95.57124518613607,69,4.428754813863929,0,0.0,0,0.0,0,0.0,0,0.0,0,0.0,0,0.0,0,0.0,0,0.0,0,0.0,0,0.0,0,0.0,0,0.0,0,0.0,0,0.0,0,0.0,0,0.0,0,0.0,0,0.0,0,0.0,0,0.0,0,0.0,0,0.0,0,0.0,0,0.0,0,0.0
pal021,69,4.428754813863929,0,0.0,1489,95.57124518613607,40,2.5673940949935816,0,0.0,29,1.8613607188703467,0,0.0,0,0.0,0,0.0,0,0.0,0,0.0,0,0.0,0,0.0,0,0.0,0,0.0,0,0.0,0,0.0,0,0.0,0,0.0,0,0.0,0,0.0,0,0.0,0,0.0,0,0.0,0,0.0,0,0.0,0,0.0,0,0.0,0,0.0
pal021a,29,1.8613607188703467,0,0.0,1529,98.13863928112966,8,0.5134788189987163,0,0.0,21,1.3478818998716302,0,0.0,0,0.0,0,0.0,0,0.0,0,0.0,0,0.0,0,0.0,0,0.0,0,0.0,0,0.0,0,0.0,0,0.0,0,0.0,0,0.0,0,0.0,0,0.0,0,0.0,0,0.0,0,0.0,0,0.0,0,0.0,0,0.0,0,0.0
pal022y,63,4.043645699614891,63,4.043645699614891,1495,95.9563543003851,0,0.0,0,0.0,0,0.0,0,0.0,0,0.0,0,0.0,0,0.0,0,0.0,0,0.0,0,0.0,0,0.0,0,0.0,1,0.06418485237483953,7,0.4492939666238768,5,0.3209242618741977,18,1.1553273427471118,20,1.2836970474967908,7,0.4492939666238768,5,0.3209242618741977,0,0.0,0,0.0,0,0.0,0,0.0,0,0.0,0,0.0,0,0.0
pal022z,0,0.0,0,0.0,1558,100.0,0,0.0,0,0.0,0,0.0,0,0.0,0,0.0,0,0.0,0,0.0,0,0.0,0,0.0,0,0.0,0,0.0,0,0.0,0,0.0,0,0.0,0,0.0,0,0.0,0,0.0,0,0.0,0,0.0,0,0.0,0,0.0,0,0.0,0,0.0,0,0.0,0,0.0,0,0.0
pal022a,28,1.797175866495507,0,0.0,1530,98.20282413350449,16,1.0269576379974326,0,0.0,12,0.7702182284980745,0,0.0,0,0.0,0,0.0,0,0.0,0,0.0,0,0.0,0,0.0,0,0.0,0,0.0,0,0.0,0,0.0,0,0.0,0,0.0,0,0.0,0,0.0,0,0.0,0,0.0,0,0.0,0,0.0,0,0.0,0,0.0,0,0.0,0,0.0
pal022b,35,2.246469833119384,0,0.0,1523,97.75353016688062,21,1.3478818998716302,0,0.0,14,0.8985879332477535,0,0.0,0,0.0,0,0.0,0,0.0,0,0.0,0,0.0,0,0.0,0,0.0,0,0.0,0,0.0,0,0.0,0,0.0,0,0.0,0,0.0,0,0.0,0,0.0,0,0.0,0,0.0,0,0.0,0,0.0,0,0.0,0,0.0,0,0.0
pal022c,14,0.8985879332477535,0,0.0,1544,99.10141206675225,3,0.19255455712451863,0,0.0,11,0.7060333761232349,0,0.0,0,0.0,0,0.0,0,0.0,0,0.0,0,0.0,0,0.0,0,0.0,0,0.0,0,0.0,0,0.0,0,0.0,0,0.0,0,0.0,0,0.0,0,0.0,0,0.0,0,0.0,0,0.0,0,0.0,0,0.0,0,0.0,0,0.0
pal022dy,11,0.7060333761232349,11,0.7060333761232349,1547,99.29396662387676,0,0.0,0,0.0,0,0.0,0,0.0,0,0.0,0,0.0,0,0.0,0,0.0,0,0.0,0,0.0,0,0.0,0,0.0,0,0.0,0,0.0,1,0.06418485237483953,3,0.19255455712451863,2,0.12836970474967907,4,0.25673940949935814,1,0.06418485237483953,0,0.0,0,0.0,0,0.0,0,0.0,0,0.0,0,0.0,0,0.0
pal022dz,0,0.0,0,0.0,1558,100.0,0,0.0,0,0.0,0,0.0,0,0.0,0,0.0,0,0.0,0,0.0,0,0.0,0,0.0,0,0.0,0,0.0,0,0.0,0,0.0,0,0.0,0,0.0,0,0.0,0,0.0,0,0.0,0,0.0,0,0.0,0,0.0,0,0.0,0,0.0,0,0.0,0,0.0,0,0.0
pal022e,6,0.38510911424903727,0,0.0,1552,99.61489088575097,3,0.19255455712451863,0,0.0,3,0.19255455712451863,0,0.0,0,0.0,0,0.0,0,0.0,0,0.0,0,0.0,0,0.0,0,0.0,0,0.0,0,0.0,0,0.0,0,0.0,0,0.0,0,0.0,0,0.0,0,0.0,0,0.0,0,0.0,0,0.0,0,0.0,0,0.0,0,0.0,0,0.0
pal023,63,4.043645699614891,7,0.4492939666238768,1495,95.9563543003851,32,2.053915275994865,7,0.4492939666238768,24,1.540436456996149,0,0.0,0,0.0,0,0.0,0,0.0,0,0.0,0,0.0,0,0.0,0,0.0,0,0.0,0,0.0,0,0.0,0,0.0,0,0.0,0,0.0,0,0.0,0,0.0,0,0.0,0,0.0,0,0.0,0,0.0,0,0.0,0,0.0,0,0.0
pal023a,31,1.989730423620026,6,0.38510911424903727,1527,98.01026957637997,0,0.0,6,0.38510911424903727,15,0.9627727856225932,10,0.6418485237483954,0,0.0,0,0.0,0,0.0,0,0.0,0,0.0,0,0.0,0,0.0,0,0.0,0,0.0,0,0.0,0,0.0,0,0.0,0,0.0,0,0.0,0,0.0,0,0.0,0,0.0,0,0.0,0,0.0,0,0.0,0,0.0,0,0.0
pal024,63,4.043645699614891,3,0.19255455712451863,1495,95.9563543003851,58,3.7227214377406934,3,0.19255455712451863,2,0.12836970474967907,0,0.0,0,0.0,0,0.0,0,0.0,0,0.0,0,0.0,0,0.0,0,0.0,0,0.0,0,0.0,0,0.0,0,0.0,0,0.0,0,0.0,0,0.0,0,0.0,0,0.0,0,0.0,0,0.0,0,0.0,0,0.0,0,0.0,0,0.0
pal024a,5,0.3209242618741977,2,0.12836970474967907,1553,99.6790757381258,0,0.0,2,0.12836970474967907,2,0.12836970474967907,1,0.06418485237483953,0,0.0,0,0.0,0,0.0,0,0.0,0,0.0,0,0.0,0,0.0,0,0.0,0,0.0,0,0.0,0,0.0,0,0.0,0,0.0,0,0.0,0,0.0,0,0.0,0,0.0,0,0.0,0,0.0,0,0.0,0,0.0,0,0.0
pal025,63,4.043645699614891,1,0.06418485237483953,1495,95.9563543003851,61,3.915275994865212,1,0.06418485237483953,1,0.06418485237483953,0,0.0,0,0.0,0,0.0,0,0.0,0,0.0,0,0.0,0,0.0,0,0.0,0,0.0,0,0.0,0,0.0,0,0.0,0,0.0,0,0.0,0,0.0,0,0.0,0,0.0,0,0.0,0,0.0,0,0.0,0,0.0,0,0.0,0,0.0
pal025a,2,0.12836970474967907,1,0.06418485237483953,1556,99.87163029525033,0,0.0,1,0.06418485237483953,1,0.06418485237483953,0,0.0,0,0.0,0,0.0,0,0.0,0,0.0,0,0.0,0,0.0,0,0.0,0,0.0,0,0.0,0,0.0,0,0.0,0,0.0,0,0.0,0,0.0,0,0.0,0,0.0,0,0.0,0,0.0,0,0.0,0,0.0,0,0.0,0,0.0
pal026,61,3.915275994865212,0,0.0,1497,96.08472400513479,54,3.465982028241335,0,0.0,7,0.4492939666238768,0,0.0,0,0.0,0,0.0,0,0.0,0,0.0,0,0.0,0,0.0,0,0.0,0,0.0,0,0.0,0,0.0,0,0.0,0,0.0,0,0.0,0,0.0,0,0.0,0,0.0,0,0.0,0,0.0,0,0.0,0,0.0,0,0.0,0,0.0
pal026a,7,0.4492939666238768,3,0.19255455712451863,1551,99.55070603337613,0,0.0,3,0.19255455712451863,4,0.25673940949935814,0,0.0,0,0.0,0,0.0,0,0.0,0,0.0,0,0.0,0,0.0,0,0.0,0,0.0,0,0.0,0,0.0,0,0.0,0,0.0,0,0.0,0,0.0,0,0.0,0,0.0,0,0.0,0,0.0,0,0.0,0,0.0,0,0.0,0,0.0
pal027,61,3.915275994865212,2,0.12836970474967907,1497,96.08472400513479,52,3.3376123234916557,2,0.12836970474967907,7,0.4492939666238768,0,0.0,0,0.0,0,0.0,0,0.0,0,0.0,0,0.0,0,0.0,0,0.0,0,0.0,0,0.0,0,0.0,0,0.0,0,0.0,0,0.0,0,0.0,0,0.0,0,0.0,0,0.0,0,0.0,0,0.0,0,0.0,0,0.0,0,0.0
pal027a,9,0.5776636713735559,4,0.25673940949935814,1549,99.42233632862644,0,0.0,4,0.25673940949935814,4,0.25673940949935814,1,0.06418485237483953,0,0.0,0,0.0,0,0.0,0,0.0,0,0.0,0,0.0,0,0.0,0,0.0,0,0.0,0,0.0,0,0.0,0,0.0,0,0.0,0,0.0,0,0.0,0,0.0,0,0.0,0,0.0,0,0.0,0,0.0,0,0.0,0,0.0
pal028,63,4.043645699614891,3,0.19255455712451863,1495,95.9563543003851,51,3.2734274711168165,3,0.19255455712451863,9,0.5776636713735559,0,0.0,0,0.0,0,0.0,0,0.0,0,0.0,0,0.0,0,0.0,0,0.0,0,0.0,0,0.0,0,0.0,0,0.0,0,0.0,0,0.0,0,0.0,0,0.0,0,0.0,0,0.0,0,0.0,0,0.0,0,0.0,0,0.0,0,0.0
pal028a,12,0.7702182284980745,5,0.3209242618741977,1546,99.22978177150192,0,0.0,5,0.3209242618741977,3,0.19255455712451863,4,0.25673940949935814,0,0.0,0,0.0,0,0.0,0,0.0,0,0.0,0,0.0,0,0.0,0,0.0,0,0.0,0,0.0,0,0.0,0,0.0,0,0.0,0,0.0,0,0.0,0,0.0,0,0.0,0,0.0,0,0.0,0,0.0,0,0.0,0,0.0
pal029,63,4.043645699614891,0,0.0,1495,95.9563543003851,63,4.043645699614891,0,0.0,0,0.0,0,0.0,0,0.0,0,0.0,0,0.0,0,0.0,0,0.0,0,0.0,0,0.0,0,0.0,0,0.0,0,0.0,0,0.0,0,0.0,0,0.0,0,0.0,0,0.0,0,0.0,0,0.0,0,0.0,0,0.0,0,0.0,0,0.0,0,0.0
pal029a,63,4.043645699614891,0,0.0,1495,95.9563543003851,62,3.979460847240052,0,0.0,1,0.06418485237483953,0,0.0,0,0.0,0,0.0,0,0.0,0,0.0,0,0.0,0,0.0,0,0.0,0,0.0,0,0.0,0,0.0,0,0.0,0,0.0,0,0.0,0,0.0,0,0.0,0,0.0,0,0.0,0,0.0,0,0.0,0,0.0,0,0.0,0,0.0
pal030,1,0.06418485237483953,0,0.0,1557,99.93581514762516,1,0.06418485237483953,0,0.0,0,0.0,0,0.0,0,0.0,0,0.0,0,0.0,0,0.0,0,0.0,0,0.0,0,0.0,0,0.0,0,0.0,0,0.0,0,0.0,0,0.0,0,0.0,0,0.0,0,0.0,0,0.0,0,0.0,0,0.0,0,0.0,0,0.0,0,0.0,0,0.0
pal031,63,4.043645699614891,0,0.0,1495,95.9563543003851,63,4.043645699614891,0,0.0,0,0.0,0,0.0,0,0.0,0,0.0,0,0.0,0,0.0,0,0.0,0,0.0,0,0.0,0,0.0,0,0.0,0,0.0,0,0.0,0,0.0,0,0.0,0,0.0,0,0.0,0,0.0,0,0.0,0,0.0,0,0.0,0,0.0,0,0.0,0,0.0
pal032,138,8.857509627727858,0,0.0,1420,91.14249037227215,133,8.536585365853659,0,0.0,5,0.3209242618741977,0,0.0,0,0.0,0,0.0,0,0.0,0,0.0,0,0.0,0,0.0,0,0.0,0,0.0,0,0.0,0,0.0,0,0.0,0,0.0,0,0.0,0,0.0,0,0.0,0,0.0,0,0.0,0,0.0,0,0.0,0,0.0,0,0.0,0,0.0
pal032a,5,0.3209242618741977,0,0.0,1553,99.6790757381258,3,0.19255455712451863,0,0.0,2,0.12836970474967907,0,0.0,0,0.0,0,0.0,0,0.0,0,0.0,0,0.0,0,0.0,0,0.0,0,0.0,0,0.0,0,0.0,0,0.0,0,0.0,0,0.0,0,0.0,0,0.0,0,0.0,0,0.0,0,0.0,0,0.0,0,0.0,0,0.0,0,0.0
pal033,170,10.911424903722722,0,0.0,1388,89.08857509627728,158,10.141206675224646,0,0.0,12,0.7702182284980745,0,0.0,0,0.0,0,0.0,0,0.0,0,0.0,0,0.0,0,0.0,0,0.0,0,0.0,0,0.0,0,0.0,0,0.0,0,0.0,0,0.0,0,0.0,0,0.0,0,0.0,0,0.0,0,0.0,0,0.0,0,0.0,0,0.0,0,0.0
pal034,170,10.911424903722722,0,0.0,1388,89.08857509627728,170,10.911424903722722,0,0.0,0,0.0,0,0.0,0,0.0,0,0.0,0,0.0,0,0.0,0,0.0,0,0.0,0,0.0,0,0.0,0,0.0,0,0.0,0,0.0,0,0.0,0,0.0,0,0.0,0,0.0,0,0.0,0,0.0,0,0.0,0,0.0,0,0.0,0,0.0,0,0.0
pal034a,170,10.911424903722722,0,0.0,1388,89.08857509627728,165,10.590500641848525,0,0.0,5,0.3209242618741977,0,0.0,0,0.0,0,0.0,0,0.0,0,0.0,0,0.0,0,0.0,0,0.0,0,0.0,0,0.0,0,0.0,0,0.0,0,0.0,0,0.0,0,0.0,0,0.0,0,0.0,0,0.0,0,0.0,0,0.0,0,0.0,0,0.0,0,0.0
pal035,170,10.911424903722722,0,0.0,1388,89.08857509627728,163,10.462130937098845,0,0.0,7,0.4492939666238768,0,0.0,0,0.0,0,0.0,0,0.0,0,0.0,0,0.0,0,0.0,0,0.0,0,0.0,0,0.0,0,0.0,0,0.0,0,0.0,0,0.0,0,0.0,0,0.0,0,0.0,0,0.0,0,0.0,0,0.0,0,0.0,0,0.0,0,0.0
pal035a,163,10.462130937098845,0,0.0,1395,89.53786906290115,137,8.793324775353016,0,0.0,26,1.6688061617458279,0,0.0,0,0.0,0,0.0,0,0.0,0,0.0,0,0.0,0,0.0,0,0.0,0,0.0,0,0.0,0,0.0,0,0.0,0,0.0,0,0.0,0,0.0,0,0.0,0,0.0,0,0.0,0,0.0,0,0.0,0,0.0,0,0.0,0,0.0
pal036,170,10.911424903722722,0,0.0,1388,89.08857509627728,167,10.718870346598203,0,0.0,3,0.19255455712451863,0,0.0,0,0.0,0,0.0,0,0.0,0,0.0,0,0.0,0,0.0,0,0.0,0,0.0,0,0.0,0,0.0,0,0.0,0,0.0,0,0.0,0,0.0,0,0.0,0,0.0,0,0.0,0,0.0,0,0.0,0,0.0,0,0.0,0,0.0
pal037,170,10.911424903722722,0,0.0,1388,89.08857509627728,165,10.590500641848525,0,0.0,5,0.3209242618741977,0,0.0,0,0.0,0,0.0,0,0.0,0,0.0,0,0.0,0,0.0,0,0.0,0,0.0,0,0.0,0,0.0,0,0.0,0,0.0,0,0.0,0,0.0,0,0.0,0,0.0,0,0.0,0,0.0,0,0.0,0,0.0,0,0.0,0,0.0
pal038,170,10.911424903722722,0,0.0,1388,89.08857509627728,167,10.718870346598203,0,0.0,3,0.19255455712451863,0,0.0,0,0.0,0,0.0,0,0.0,0,0.0,0,0.0,0,0.0,0,0.0,0,0.0,0,0.0,0,0.0,0,0.0,0,0.0,0,0.0,0,0.0,0,0.0,0,0.0,0,0.0,0,0.0,0,0.0,0,0.0,0,0.0,0,0.0
pal039,170,10.911424903722722,0,0.0,1388,89.08857509627728,163,10.462130937098845,0,0.0,7,0.4492939666238768,0,0.0,0,0.0,0,0.0,0,0.0,0,0.0,0,0.0,0,0.0,0,0.0,0,0.0,0,0.0,0,0.0,0,0.0,0,0.0,0,0.0,0,0.0,0,0.0,0,0.0,0,0.0,0,0.0,0,0.0,0,0.0,0,0.0,0,0.0
pal040y,46,2.952503209242619,43,2.7599486521181,1512,97.04749679075738,0,0.0,0,0.0,0,0.0,0,0.0,0,0.0,0,0.0,0,0.0,0,0.0,0,0.0,0,0.0,0,0.0,1,0.06418485237483953,0,0.0,4,0.25673940949935814,8,0.5134788189987163,13,0.8344030808729139,10,0.6418485237483954,7,0.4492939666238768,0,0.0,0,0.0,0,0.0,0,0.0,0,0.0,0,0.0,1,0.06418485237483953,2,0.12836970474967907
pal040z,2,0.12836970474967907,0,0.0,1556,99.87163029525033,0,0.0,0,0.0,0,0.0,0,0.0,0,0.0,0,0.0,0,0.0,0,0.0,0,0.0,0,0.0,0,0.0,0,0.0,0,0.0,0,0.0,0,0.0,0,0.0,0,0.0,0,0.0,0,0.0,0,0.0,0,0.0,0,0.0,0,0.0,0,0.0,0,0.0,2,0.12836970474967907
pal041y,46,2.952503209242619,43,2.7599486521181,1512,97.04749679075738,0,0.0,0,0.0,0,0.0,0,0.0,0,0.0,0,0.0,0,0.0,0,0.0,0,0.0,0,0.0,0,0.0,0,0.0,1,0.06418485237483953,2,0.12836970474967907,7,0.4492939666238768,8,0.5134788189987163,14,0.8985879332477535,9,0.5776636713735559,2,0.12836970474967907,0,0.0,0,0.0,0,0.0,0,0.0,0,0.0,1,0.06418485237483953,2,0.12836970474967907
pal041z,2,0.12836970474967907,0,0.0,1556,99.87163029525033,0,0.0,0,0.0,0,0.0,0,0.0,0,0.0,0,0.0,0,0.0,0,0.0,0,0.0,0,0.0,0,0.0,0,0.0,0,0.0,0,0.0,0,0.0,0,0.0,0,0.0,0,0.0,0,0.0,0,0.0,0,0.0,0,0.0,0,0.0,0,0.0,0,0.0,2,0.12836970474967907
pal042,14,0.8985879332477535,0,0.0,1544,99.10141206675225,13,0.8344030808729139,0,0.0,1,0.06418485237483953,0,0.0,0,0.0,0,0.0,0,0.0,0,0.0,0,0.0,0,0.0,0,0.0,0,0.0,0,0.0,0,0.0,0,0.0,0,0.0,0,0.0,0,0.0,0,0.0,0,0.0,0,0.0,0,0.0,0,0.0,0,0.0,0,0.0,0,0.0
pal043,14,0.8985879332477535,0,0.0,1544,99.10141206675225,13,0.8344030808729139,0,0.0,1,0.06418485237483953,0,0.0,0,0.0,0,0.0,0,0.0,0,0.0,0,0.0,0,0.0,0,0.0,0,0.0,0,0.0,0,0.0,0,0.0,0,0.0,0,0.0,0,0.0,0,0.0,0,0.0,0,0.0,0,0.0,0,0.0,0,0.0,0,0.0,0,0.0
pal044,14,0.8985879332477535,0,0.0,1544,99.10141206675225,13,0.8344030808729139,0,0.0,1,0.06418485237483953,0,0.0,0,0.0,0,0.0,0,0.0,0,0.0,0,0.0,0,0.0,0,0.0,0,0.0,0,0.0,0,0.0,0,0.0,0,0.0,0,0.0,0,0.0,0,0.0,0,0.0,0,0.0,0,0.0,0,0.0,0,0.0,0,0.0,0,0.0
pal045,4,0.25673940949935814,0,0.0,1554,99.74326059050064,2,0.12836970474967907,0,0.0,2,0.12836970474967907,0,0.0,0,0.0,0,0.0,0,0.0,0,0.0,0,0.0,0,0.0,0,0.0,0,0.0,0,0.0,0,0.0,0,0.0,0,0.0,0,0.0,0,0.0,0,0.0,0,0.0,0,0.0,0,0.0,0,0.0,0,0.0,0,0.0,0,0.0
