question,cnt_non_nan,pct_non_nan,cnt_non_standard,pct_non_standard,cnt_nan,pct_nan,cnt_0_NO,pct_0_NO,cnt_1,pct_1,cnt_2_SI,pct_2_SI,cnt_3_AV/A,pct_3_AV/A,cnt_4,pct_4,cnt_5,pct_5,cnt_6,pct_6,cnt_7_NR,pct_7_NR,cnt_8_NA,pct_8_NA,cnt_9_NS,pct_9_NS,cnt_10,pct_10,cnt_11,pct_11,cnt_12,pct_12,cnt_13,pct_13,cnt_14,pct_14,cnt_15,pct_15,cnt_16,pct_16,cnt_17,pct_17,cnt_18,pct_18,cnt_66,pct_66
pga001,1513,97.11168164313221,0,0.0,45,2.8883183568677793,834,53.53016688061617,0,0.0,675,43.32477535301669,0,0.0,0,0.0,0,0.0,0,0.0,0,0.0,1,0.06418485237483953,3,0.19255455712451863,0,0.0,0,0.0,0,0.0,0,0.0,0,0.0,0,0.0,0,0.0,0,0.0,0,0.0,0,0.0
pga001a,675,43.32477535301669,0,0.0,883,56.67522464698331,302,19.383825417201543,0,0.0,373,23.940949935815148,0,0.0,0,0.0,0,0.0,0,0.0,0,0.0,0,0.0,0,0.0,0,0.0,0,0.0,0,0.0,0,0.0,0,0.0,0,0.0,0,0.0,0,0.0,0,0.0,0,0.0
pga001b,675,43.32477535301669,0,0.0,883,56.67522464698331,335,21.501925545571247,0,0.0,340,21.822849807445444,0,0.0,0,0.0,0,0.0,0,0.0,0,0.0,0,0.0,0,0.0,0,0.0,0,0.0,0,0.0,0,0.0,0,0.0,0,0.0,0,0.0,0,0.0,0,0.0,0,0.0
pga001c,466,29.910141206675224,0,0.0,1092,70.08985879332478,258,16.5596919127086,0,0.0,208,13.350449293966623,0,0.0,0,0.0,0,0.0,0,0.0,0,0.0,0,0.0,0,0.0,0,0.0,0,0.0,0,0.0,0,0.0,0,0.0,0,0.0,0,0.0,0,0.0,0,0.0,0,0.0
pga001d,451,28.947368421052634,0,0.0,1107,71.05263157894737,178,11.424903722721439,0,0.0,273,17.522464698331195,0,0.0,0,0.0,0,0.0,0,0.0,0,0.0,0,0.0,0,0.0,0,0.0,0,0.0,0,0.0,0,0.0,0,0.0,0,0.0,0,0.0,0,0.0,0,0.0,0,0.0
pga002,1556,99.87163029525033,0,0.0,2,0.12836970474967907,1282,82.28498074454428,0,0.0,271,17.394094993581515,0,0.0,0,0.0,0,0.0,0,0.0,0,0.0,0,0.0,3,0.19255455712451863,0,0.0,0,0.0,0,0.0,0,0.0,0,0.0,0,0.0,0,0.0,0,0.0,0,0.0,0,0.0
pga002a,271,17.394094993581515,0,0.0,1287,82.6059050064185,90,5.7766367137355585,0,0.0,181,11.617458279845955,0,0.0,0,0.0,0,0.0,0,0.0,0,0.0,0,0.0,0,0.0,0,0.0,0,0.0,0,0.0,0,0.0,0,0.0,0,0.0,0,0.0,0,0.0,0,0.0,0,0.0
pga002b,271,17.394094993581515,0,0.0,1287,82.6059050064185,145,9.306803594351733,0,0.0,126,8.087291399229782,0,0.0,0,0.0,0,0.0,0,0.0,0,0.0,0,0.0,0,0.0,0,0.0,0,0.0,0,0.0,0,0.0,0,0.0,0,0.0,0,0.0,0,0.0,0,0.0,0,0.0
pga002c,203,13.029525032092426,0,0.0,1355,86.97047496790758,93,5.969191270860077,0,0.0,110,7.060333761232348,0,0.0,0,0.0,0,0.0,0,0.0,0,0.0,0,0.0,0,0.0,0,0.0,0,0.0,0,0.0,0,0.0,0,0.0,0,0.0,0,0.0,0,0.0,0,0.0,0,0.0
pga002d,191,12.25930680359435,0,0.0,1367,87.74069319640564,90,5.7766367137355585,0,0.0,101,6.482670089858793,0,0.0,0,0.0,0,0.0,0,0.0,0,0.0,0,0.0,0,0.0,0,0.0,0,0.0,0,0.0,0,0.0,0,0.0,0,0.0,0,0.0,0,0.0,0,0.0,0,0.0
pga003,1556,99.87163029525033,0,0.0,2,0.12836970474967907,958,61.489088575096275,0,0.0,595,38.18998716302953,0,0.0,0,0.0,0,0.0,0,0.0,0,0.0,0,0.0,3,0.19255455712451863,0,0.0,0,0.0,0,0.0,0,0.0,0,0.0,0,0.0,0,0.0,0,0.0,0,0.0,0,0.0
pga003a,595,38.18998716302953,0,0.0,963,61.81001283697047,238,15.275994865211809,0,0.0,357,22.913992297817714,0,0.0,0,0.0,0,0.0,0,0.0,0,0.0,0,0.0,0,0.0,0,0.0,0,0.0,0,0.0,0,0.0,0,0.0,0,0.0,0,0.0,0,0.0,0,0.0,0,0.0
pga003b,595,38.18998716302953,0,0.0,963,61.81001283697047,325,20.86007702182285,0,0.0,270,17.329910141206675,0,0.0,0,0.0,0,0.0,0,0.0,0,0.0,0,0.0,0,0.0,0,0.0,0,0.0,0,0.0,0,0.0,0,0.0,0,0.0,0,0.0,0,0.0,0,0.0,0,0.0
pga003c,404,25.930680359435172,0,0.0,1154,74.06931964056483,186,11.938382541720154,0,0.0,217,13.928112965340182,0,0.0,0,0.0,0,0.0,0,0.0,1,0.06418485237483953,0,0.0,0,0.0,0,0.0,0,0.0,0,0.0,0,0.0,0,0.0,0,0.0,0,0.0,0,0.0,0,0.0,0,0.0
pga003d,404,25.930680359435172,0,0.0,1154,74.06931964056483,186,11.938382541720154,0,0.0,218,13.992297817715018,0,0.0,0,0.0,0,0.0,0,0.0,0,0.0,0,0.0,0,0.0,0,0.0,0,0.0,0,0.0,0,0.0,0,0.0,0,0.0,0,0.0,0,0.0,0,0.0,0,0.0
pga004,1556,99.87163029525033,0,0.0,2,0.12836970474967907,765,49.101412066752246,0,0.0,788,50.57766367137355,0,0.0,0,0.0,0,0.0,0,0.0,0,0.0,0,0.0,3,0.19255455712451863,0,0.0,0,0.0,0,0.0,0,0.0,0,0.0,0,0.0,0,0.0,0,0.0,0,0.0,0,0.0
pga004a,788,50.57766367137355,0,0.0,770,49.42233632862644,401,25.73812580231066,0,0.0,387,24.8395378690629,0,0.0,0,0.0,0,0.0,0,0.0,0,0.0,0,0.0,0,0.0,0,0.0,0,0.0,0,0.0,0,0.0,0,0.0,0,0.0,0,0.0,0,0.0,0,0.0,0,0.0
pga004b,788,50.57766367137355,0,0.0,770,49.42233632862644,477,30.61617458279846,0,0.0,311,19.961489088575096,0,0.0,0,0.0,0,0.0,0,0.0,0,0.0,0,0.0,0,0.0,0,0.0,0,0.0,0,0.0,0,0.0,0,0.0,0,0.0,0,0.0,0,0.0,0,0.0,0,0.0
pga004c,461,29.589216944801027,0,0.0,1097,70.41078305519898,204,13.093709884467266,0,0.0,257,16.49550706033376,0,0.0,0,0.0,0,0.0,0,0.0,0,0.0,0,0.0,0,0.0,0,0.0,0,0.0,0,0.0,0,0.0,0,0.0,0,0.0,0,0.0,0,0.0,0,0.0,0,0.0
pga004d,461,29.589216944801027,0,0.0,1097,70.41078305519898,155,9.948652118100128,0,0.0,306,19.6405648267009,0,0.0,0,0.0,0,0.0,0,0.0,0,0.0,0,0.0,0,0.0,0,0.0,0,0.0,0,0.0,0,0.0,0,0.0,0,0.0,0,0.0,0,0.0,0,0.0,0,0.0
pga005,1556,99.87163029525033,0,0.0,2,0.12836970474967907,1189,76.31578947368422,0,0.0,364,23.36328626444159,0,0.0,0,0.0,0,0.0,0,0.0,0,0.0,0,0.0,3,0.19255455712451863,0,0.0,0,0.0,0,0.0,0,0.0,0,0.0,0,0.0,0,0.0,0,0.0,0,0.0,0,0.0
pga005a,364,23.36328626444159,0,0.0,1194,76.6367137355584,162,10.397946084724005,0,0.0,201,12.901155327342748,0,0.0,0,0.0,0,0.0,0,0.0,0,0.0,0,0.0,1,0.06418485237483953,0,0.0,0,0.0,0,0.0,0,0.0,0,0.0,0,0.0,0,0.0,0,0.0,0,0.0,0,0.0
pga005b,364,23.36328626444159,0,0.0,1194,76.6367137355584,218,13.992297817715018,0,0.0,146,9.370988446726573,0,0.0,0,0.0,0,0.0,0,0.0,0,0.0,0,0.0,0,0.0,0,0.0,0,0.0,0,0.0,0,0.0,0,0.0,0,0.0,0,0.0,0,0.0,0,0.0,0,0.0
pga005c,218,13.992297817715018,0,0.0,1340,86.00770218228499,111,7.124518613607189,0,0.0,107,6.867779204107831,0,0.0,0,0.0,0,0.0,0,0.0,0,0.0,0,0.0,0,0.0,0,0.0,0,0.0,0,0.0,0,0.0,0,0.0,0,0.0,0,0.0,0,0.0,0,0.0,0,0.0
pga005d,218,13.992297817715018,0,0.0,1340,86.00770218228499,111,7.124518613607189,0,0.0,107,6.867779204107831,0,0.0,0,0.0,0,0.0,0,0.0,0,0.0,0,0.0,0,0.0,0,0.0,0,0.0,0,0.0,0,0.0,0,0.0,0,0.0,0,0.0,0,0.0,0,0.0,0,0.0
pga006,893,57.3170731707317,0,0.0,665,42.68292682926829,501,32.156611039794605,0,0.0,392,25.1604621309371,0,0.0,0,0.0,0,0.0,0,0.0,0,0.0,0,0.0,0,0.0,0,0.0,0,0.0,0,0.0,0,0.0,0,0.0,0,0.0,0,0.0,0,0.0,0,0.0,0,0.0
pga006a,392,25.1604621309371,0,0.0,1166,74.8395378690629,221,14.184852374839538,0,0.0,171,10.975609756097562,0,0.0,0,0.0,0,0.0,0,0.0,0,0.0,0,0.0,0,0.0,0,0.0,0,0.0,0,0.0,0,0.0,0,0.0,0,0.0,0,0.0,0,0.0,0,0.0,0,0.0
pga007,392,25.1604621309371,0,0.0,1166,74.8395378690629,222,14.249037227214378,0,0.0,169,10.847240051347882,0,0.0,0,0.0,0,0.0,0,0.0,0,0.0,0,0.0,1,0.06418485237483953,0,0.0,0,0.0,0,0.0,0,0.0,0,0.0,0,0.0,0,0.0,0,0.0,0,0.0,0,0.0
pga007a,169,10.847240051347882,0,0.0,1389,89.15275994865212,122,7.830551989730424,0,0.0,47,3.0166880616174585,0,0.0,0,0.0,0,0.0,0,0.0,0,0.0,0,0.0,0,0.0,0,0.0,0,0.0,0,0.0,0,0.0,0,0.0,0,0.0,0,0.0,0,0.0,0,0.0,0,0.0
pga007b,47,3.0166880616174585,0,0.0,1511,96.98331193838254,14,0.8985879332477535,0,0.0,33,2.1181001283697047,0,0.0,0,0.0,0,0.0,0,0.0,0,0.0,0,0.0,0,0.0,0,0.0,0,0.0,0,0.0,0,0.0,0,0.0,0,0.0,0,0.0,0,0.0,0,0.0,0,0.0
pga008,392,25.1604621309371,0,0.0,1166,74.8395378690629,152,9.75609756097561,0,0.0,240,15.40436456996149,0,0.0,0,0.0,0,0.0,0,0.0,0,0.0,0,0.0,0,0.0,0,0.0,0,0.0,0,0.0,0,0.0,0,0.0,0,0.0,0,0.0,0,0.0,0,0.0,0,0.0
pga008a,240,15.40436456996149,0,0.0,1318,84.59563543003851,172,11.0397946084724,0,0.0,68,4.364569961489089,0,0.0,0,0.0,0,0.0,0,0.0,0,0.0,0,0.0,0,0.0,0,0.0,0,0.0,0,0.0,0,0.0,0,0.0,0,0.0,0,0.0,0,0.0,0,0.0,0,0.0
pga008b,68,4.364569961489089,0,0.0,1490,95.63543003851092,17,1.0911424903722722,0,0.0,51,3.2734274711168165,0,0.0,0,0.0,0,0.0,0,0.0,0,0.0,0,0.0,0,0.0,0,0.0,0,0.0,0,0.0,0,0.0,0,0.0,0,0.0,0,0.0,0,0.0,0,0.0,0,0.0
pga009,392,25.1604621309371,0,0.0,1166,74.8395378690629,252,16.174582798459564,0,0.0,140,8.985879332477536,0,0.0,0,0.0,0,0.0,0,0.0,0,0.0,0,0.0,0,0.0,0,0.0,0,0.0,0,0.0,0,0.0,0,0.0,0,0.0,0,0.0,0,0.0,0,0.0,0,0.0
pga009a,140,8.985879332477536,0,0.0,1418,91.01412066752246,87,5.58408215661104,0,0.0,53,3.4017971758664958,0,0.0,0,0.0,0,0.0,0,0.0,0,0.0,0,0.0,0,0.0,0,0.0,0,0.0,0,0.0,0,0.0,0,0.0,0,0.0,0,0.0,0,0.0,0,0.0,0,0.0
pga009b,53,3.4017971758664958,0,0.0,1505,96.59820282413351,22,1.4120667522464698,0,0.0,31,1.989730423620026,0,0.0,0,0.0,0,0.0,0,0.0,0,0.0,0,0.0,0,0.0,0,0.0,0,0.0,0,0.0,0,0.0,0,0.0,0,0.0,0,0.0,0,0.0,0,0.0,0,0.0
pga010,392,25.1604621309371,0,0.0,1166,74.8395378690629,173,11.10397946084724,0,0.0,219,14.05648267008986,0,0.0,0,0.0,0,0.0,0,0.0,0,0.0,0,0.0,0,0.0,0,0.0,0,0.0,0,0.0,0,0.0,0,0.0,0,0.0,0,0.0,0,0.0,0,0.0,0,0.0
pga010a,219,14.05648267008986,0,0.0,1339,85.94351732991015,122,7.830551989730424,0,0.0,97,6.225930680359435,0,0.0,0,0.0,0,0.0,0,0.0,0,0.0,0,0.0,0,0.0,0,0.0,0,0.0,0,0.0,0,0.0,0,0.0,0,0.0,0,0.0,0,0.0,0,0.0,0,0.0
pga010b,97,6.225930680359435,0,0.0,1461,93.77406931964056,38,2.4390243902439024,0,0.0,59,3.7869062901155326,0,0.0,0,0.0,0,0.0,0,0.0,0,0.0,0,0.0,0,0.0,0,0.0,0,0.0,0,0.0,0,0.0,0,0.0,0,0.0,0,0.0,0,0.0,0,0.0,0,0.0
pga011,392,25.1604621309371,0,0.0,1166,74.8395378690629,252,16.174582798459564,0,0.0,140,8.985879332477536,0,0.0,0,0.0,0,0.0,0,0.0,0,0.0,0,0.0,0,0.0,0,0.0,0,0.0,0,0.0,0,0.0,0,0.0,0,0.0,0,0.0,0,0.0,0,0.0,0,0.0
pga011a,140,8.985879332477536,0,0.0,1418,91.01412066752246,92,5.905006418485238,0,0.0,48,3.080872913992298,0,0.0,0,0.0,0,0.0,0,0.0,0,0.0,0,0.0,0,0.0,0,0.0,0,0.0,0,0.0,0,0.0,0,0.0,0,0.0,0,0.0,0,0.0,0,0.0,0,0.0
pga011b,48,3.080872913992298,0,0.0,1510,96.9191270860077,19,1.2195121951219512,0,0.0,29,1.8613607188703467,0,0.0,0,0.0,0,0.0,0,0.0,0,0.0,0,0.0,0,0.0,0,0.0,0,0.0,0,0.0,0,0.0,0,0.0,0,0.0,0,0.0,0,0.0,0,0.0,0,0.0
pga012,392,25.1604621309371,0,0.0,1166,74.8395378690629,182,11.681643132220795,0,0.0,209,13.414634146341465,0,0.0,0,0.0,0,0.0,0,0.0,0,0.0,0,0.0,1,0.06418485237483953,0,0.0,0,0.0,0,0.0,0,0.0,0,0.0,0,0.0,0,0.0,0,0.0,0,0.0,0,0.0
pga012a,209,13.414634146341465,0,0.0,1349,86.58536585365853,121,7.7663671373555845,0,0.0,88,5.648267008985879,0,0.0,0,0.0,0,0.0,0,0.0,0,0.0,0,0.0,0,0.0,0,0.0,0,0.0,0,0.0,0,0.0,0,0.0,0,0.0,0,0.0,0,0.0,0,0.0,0,0.0
pga012b,88,5.648267008985879,0,0.0,1470,94.35173299101413,30,1.9255455712451863,0,0.0,58,3.7227214377406934,0,0.0,0,0.0,0,0.0,0,0.0,0,0.0,0,0.0,0,0.0,0,0.0,0,0.0,0,0.0,0,0.0,0,0.0,0,0.0,0,0.0,0,0.0,0,0.0,0,0.0
pga013,392,25.1604621309371,0,0.0,1166,74.8395378690629,126,8.087291399229782,0,0.0,266,17.073170731707318,0,0.0,0,0.0,0,0.0,0,0.0,0,0.0,0,0.0,0,0.0,0,0.0,0,0.0,0,0.0,0,0.0,0,0.0,0,0.0,0,0.0,0,0.0,0,0.0,0,0.0
pga013a,266,17.073170731707318,0,0.0,1292,82.92682926829268,159,10.205391527599486,0,0.0,107,6.867779204107831,0,0.0,0,0.0,0,0.0,0,0.0,0,0.0,0,0.0,0,0.0,0,0.0,0,0.0,0,0.0,0,0.0,0,0.0,0,0.0,0,0.0,0,0.0,0,0.0,0,0.0
pga013b,107,6.867779204107831,0,0.0,1451,93.13222079589217,30,1.9255455712451863,0,0.0,77,4.942233632862644,0,0.0,0,0.0,0,0.0,0,0.0,0,0.0,0,0.0,0,0.0,0,0.0,0,0.0,0,0.0,0,0.0,0,0.0,0,0.0,0,0.0,0,0.0,0,0.0,0,0.0
pga014y,203,13.029525032092426,154,9.884467265725288,1355,86.97047496790758,0,0.0,0,0.0,1,0.06418485237483953,6,0.38510911424903727,11,0.7060333761232349,15,0.9627727856225932,20,1.2836970474967908,9,0.5776636713735559,18,1.1553273427471118,15,0.9627727856225932,15,0.9627727856225932,13,0.8344030808729139,15,0.9627727856225932,18,1.1553273427471118,15,0.9627727856225932,11,0.7060333761232349,11,0.7060333761232349,2,0.12836970474967907,0,0.0,8,0.5134788189987163
pga014z,0,0.0,0,0.0,1558,100.0,0,0.0,0,0.0,0,0.0,0,0.0,0,0.0,0,0.0,0,0.0,0,0.0,0,0.0,0,0.0,0,0.0,0,0.0,0,0.0,0,0.0,0,0.0,0,0.0,0,0.0,0,0.0,0,0.0,0,0.0
pga014a,48,3.080872913992298,0,0.0,1510,96.9191270860077,19,1.2195121951219512,0,0.0,29,1.8613607188703467,0,0.0,0,0.0,0,0.0,0,0.0,0,0.0,0,0.0,0,0.0,0,0.0,0,0.0,0,0.0,0,0.0,0,0.0,0,0.0,0,0.0,0,0.0,0,0.0,0,0.0
pga014b,171,10.975609756097562,0,0.0,1387,89.02439024390245,80,5.134788189987163,0,0.0,91,5.840821566110398,0,0.0,0,0.0,0,0.0,0,0.0,0,0.0,0,0.0,0,0.0,0,0.0,0,0.0,0,0.0,0,0.0,0,0.0,0,0.0,0,0.0,0,0.0,0,0.0,0,0.0
pga014c,91,5.840821566110398,0,0.0,1467,94.15917843388961,28,1.797175866495507,0,0.0,63,4.043645699614891,0,0.0,0,0.0,0,0.0,0,0.0,0,0.0,0,0.0,0,0.0,0,0.0,0,0.0,0,0.0,0,0.0,0,0.0,0,0.0,0,0.0,0,0.0,0,0.0,0,0.0
pga014dy,63,4.043645699614891,51,3.2734274711168165,1495,95.9563543003851,0,0.0,0,0.0,0,0.0,0,0.0,1,0.06418485237483953,2,0.12836970474967907,2,0.12836970474967907,2,0.12836970474967907,1,0.06418485237483953,9,0.5776636713735559,5,0.3209242618741977,7,0.4492939666238768,2,0.12836970474967907,4,0.25673940949935814,5,0.3209242618741977,7,0.4492939666238768,6,0.38510911424903727,7,0.4492939666238768,2,0.12836970474967907,1,0.06418485237483953
pga014dz,0,0.0,0,0.0,1558,100.0,0,0.0,0,0.0,0,0.0,0,0.0,0,0.0,0,0.0,0,0.0,0,0.0,0,0.0,0,0.0,0,0.0,0,0.0,0,0.0,0,0.0,0,0.0,0,0.0,0,0.0,0,0.0,0,0.0,0,0.0
pga014e,32,2.053915275994865,0,0.0,1526,97.94608472400513,8,0.5134788189987163,0,0.0,24,1.540436456996149,0,0.0,0,0.0,0,0.0,0,0.0,0,0.0,0,0.0,0,0.0,0,0.0,0,0.0,0,0.0,0,0.0,0,0.0,0,0.0,0,0.0,0,0.0,0,0.0,0,0.0
pga015,203,13.029525032092426,27,1.7329910141206675,1355,86.97047496790758,114,7.317073170731707,27,1.7329910141206675,62,3.979460847240052,0,0.0,0,0.0,0,0.0,0,0.0,0,0.0,0,0.0,0,0.0,0,0.0,0,0.0,0,0.0,0,0.0,0,0.0,0,0.0,0,0.0,0,0.0,0,0.0,0,0.0
pga015a,89,5.712451861360719,17,1.0911424903722722,1469,94.28754813863928,0,0.0,17,1.0911424903722722,50,3.209242618741977,22,1.4120667522464698,0,0.0,0,0.0,0,0.0,0,0.0,0,0.0,0,0.0,0,0.0,0,0.0,0,0.0,0,0.0,0,0.0,0,0.0,0,0.0,0,0.0,0,0.0,0,0.0
pga016,203,13.029525032092426,15,0.9627727856225932,1355,86.97047496790758,132,8.472400513478819,15,0.9627727856225932,56,3.594351732991014,0,0.0,0,0.0,0,0.0,0,0.0,0,0.0,0,0.0,0,0.0,0,0.0,0,0.0,0,0.0,0,0.0,0,0.0,0,0.0,0,0.0,0,0.0,0,0.0,0,0.0
pga016a,71,4.557124518613607,16,1.0269576379974326,1487,95.4428754813864,0,0.0,16,1.0269576379974326,41,2.631578947368421,14,0.8985879332477535,0,0.0,0,0.0,0,0.0,0,0.0,0,0.0,0,0.0,0,0.0,0,0.0,0,0.0,0,0.0,0,0.0,0,0.0,0,0.0,0,0.0,0,0.0,0,0.0
pga017,203,13.029525032092426,13,0.8344030808729139,1355,86.97047496790758,138,8.857509627727858,13,0.8344030808729139,52,3.3376123234916557,0,0.0,0,0.0,0,0.0,0,0.0,0,0.0,0,0.0,0,0.0,0,0.0,0,0.0,0,0.0,0,0.0,0,0.0,0,0.0,0,0.0,0,0.0,0,0.0,0,0.0
pga017a,65,4.17201540436457,10,0.6418485237483954,1493,95.82798459563543,0,0.0,10,0.6418485237483954,37,2.3748395378690628,18,1.1553273427471118,0,0.0,0,0.0,0,0.0,0,0.0,0,0.0,0,0.0,0,0.0,0,0.0,0,0.0,0,0.0,0,0.0,0,0.0,0,0.0,0,0.0,0,0.0,0,0.0
pga018,200,12.836970474967908,13,0.8344030808729139,1358,87.16302952503209,88,5.648267008985879,13,0.8344030808729139,99,6.354300385109115,0,0.0,0,0.0,0,0.0,0,0.0,0,0.0,0,0.0,0,0.0,0,0.0,0,0.0,0,0.0,0,0.0,0,0.0,0,0.0,0,0.0,0,0.0,0,0.0,0,0.0
pga018a,112,7.188703465982028,64,4.10783055198973,1446,92.81129653401797,0,0.0,64,4.10783055198973,37,2.3748395378690628,11,0.7060333761232349,0,0.0,0,0.0,0,0.0,0,0.0,0,0.0,0,0.0,0,0.0,0,0.0,0,0.0,0,0.0,0,0.0,0,0.0,0,0.0,0,0.0,0,0.0,0,0.0
pga019,200,12.836970474967908,12,0.7702182284980745,1358,87.16302952503209,148,9.499358151476251,12,0.7702182284980745,40,2.5673940949935816,0,0.0,0,0.0,0,0.0,0,0.0,0,0.0,0,0.0,0,0.0,0,0.0,0,0.0,0,0.0,0,0.0,0,0.0,0,0.0,0,0.0,0,0.0,0,0.0,0,0.0
pga019a,52,3.3376123234916557,6,0.38510911424903727,1506,96.66238767650835,0,0.0,6,0.38510911424903727,34,2.1822849807445444,12,0.7702182284980745,0,0.0,0,0.0,0,0.0,0,0.0,0,0.0,0,0.0,0,0.0,0,0.0,0,0.0,0,0.0,0,0.0,0,0.0,0,0.0,0,0.0,0,0.0,0,0.0
pga020,203,13.029525032092426,21,1.3478818998716302,1355,86.97047496790758,75,4.813863928112965,21,1.3478818998716302,107,6.867779204107831,0,0.0,0,0.0,0,0.0,0,0.0,0,0.0,0,0.0,0,0.0,0,0.0,0,0.0,0,0.0,0,0.0,0,0.0,0,0.0,0,0.0,0,0.0,0,0.0,0,0.0
pga020a,128,8.21566110397946,40,2.5673940949935816,1430,91.78433889602053,0,0.0,40,2.5673940949935816,59,3.7869062901155326,29,1.8613607188703467,0,0.0,0,0.0,0,0.0,0,0.0,0,0.0,0,0.0,0,0.0,0,0.0,0,0.0,0,0.0,0,0.0,0,0.0,0,0.0,0,0.0,0,0.0,0,0.0
pga021,203,13.029525032092426,0,0.0,1355,86.97047496790758,179,11.489088575096277,0,0.0,24,1.540436456996149,0,0.0,0,0.0,0,0.0,0,0.0,0,0.0,0,0.0,0,0.0,0,0.0,0,0.0,0,0.0,0,0.0,0,0.0,0,0.0,0,0.0,0,0.0,0,0.0,0,0.0
pga021a,179,11.489088575096277,0,0.0,1379,88.51091142490372,176,11.296534017971759,0,0.0,3,0.19255455712451863,0,0.0,0,0.0,0,0.0,0,0.0,0,0.0,0,0.0,0,0.0,0,0.0,0,0.0,0,0.0,0,0.0,0,0.0,0,0.0,0,0.0,0,0.0,0,0.0,0,0.0
pga022,27,1.7329910141206675,0,0.0,1531,98.26700898587933,27,1.7329910141206675,0,0.0,0,0.0,0,0.0,0,0.0,0,0.0,0,0.0,0,0.0,0,0.0,0,0.0,0,0.0,0,0.0,0,0.0,0,0.0,0,0.0,0,0.0,0,0.0,0,0.0,0,0.0,0,0.0
pga022a,24,1.540436456996149,0,0.0,1534,98.45956354300385,24,1.540436456996149,0,0.0,0,0.0,0,0.0,0,0.0,0,0.0,0,0.0,0,0.0,0,0.0,0,0.0,0,0.0,0,0.0,0,0.0,0,0.0,0,0.0,0,0.0,0,0.0,0,0.0,0,0.0,0,0.0
pga023,1556,99.87163029525033,0,0.0,2,0.12836970474967907,1120,71.88703465982029,0,0.0,435,27.9204107830552,0,0.0,0,0.0,0,0.0,0,0.0,0,0.0,0,0.0,1,0.06418485237483953,0,0.0,0,0.0,0,0.0,0,0.0,0,0.0,0,0.0,0,0.0,0,0.0,0,0.0,0,0.0
pga023a,435,27.9204107830552,0,0.0,1123,72.07958921694481,109,6.996148908857509,0,0.0,326,20.92426187419769,0,0.0,0,0.0,0,0.0,0,0.0,0,0.0,0,0.0,0,0.0,0,0.0,0,0.0,0,0.0,0,0.0,0,0.0,0,0.0,0,0.0,0,0.0,0,0.0,0,0.0
pga023b,326,20.92426187419769,0,0.0,1232,79.0757381258023,134,8.600770218228499,0,0.0,192,12.323491655969192,0,0.0,0,0.0,0,0.0,0,0.0,0,0.0,0,0.0,0,0.0,0,0.0,0,0.0,0,0.0,0,0.0,0,0.0,0,0.0,0,0.0,0,0.0,0,0.0,0,0.0
pga023c,326,20.92426187419769,0,0.0,1232,79.0757381258023,118,7.573812580231065,0,0.0,208,13.350449293966623,0,0.0,0,0.0,0,0.0,0,0.0,0,0.0,0,0.0,0,0.0,0,0.0,0,0.0,0,0.0,0,0.0,0,0.0,0,0.0,0,0.0,0,0.0,0,0.0,0,0.0
pga024,1556,99.87163029525033,0,0.0,2,0.12836970474967907,941,60.397946084724005,0,0.0,613,39.345314505776635,0,0.0,0,0.0,0,0.0,0,0.0,0,0.0,0,0.0,2,0.12836970474967907,0,0.0,0,0.0,0,0.0,0,0.0,0,0.0,0,0.0,0,0.0,0,0.0,0,0.0,0,0.0
pga024a,613,39.345314505776635,0,0.0,945,60.65468549422336,351,22.528883183568677,0,0.0,262,16.816431322207958,0,0.0,0,0.0,0,0.0,0,0.0,0,0.0,0,0.0,0,0.0,0,0.0,0,0.0,0,0.0,0,0.0,0,0.0,0,0.0,0,0.0,0,0.0,0,0.0,0,0.0
pga024b,613,39.345314505776635,0,0.0,945,60.65468549422336,294,18.870346598202826,0,0.0,319,20.474967907573813,0,0.0,0,0.0,0,0.0,0,0.0,0,0.0,0,0.0,0,0.0,0,0.0,0,0.0,0,0.0,0,0.0,0,0.0,0,0.0,0,0.0,0,0.0,0,0.0,0,0.0
pga025,1556,99.87163029525033,0,0.0,2,0.12836970474967907,1118,71.7586649550706,0,0.0,436,27.984595635430036,0,0.0,0,0.0,0,0.0,0,0.0,0,0.0,0,0.0,2,0.12836970474967907,0,0.0,0,0.0,0,0.0,0,0.0,0,0.0,0,0.0,0,0.0,0,0.0,0,0.0,0,0.0
pga025a,436,27.984595635430036,0,0.0,1122,72.01540436456996,282,18.10012836970475,0,0.0,153,9.82028241335045,0,0.0,0,0.0,0,0.0,0,0.0,0,0.0,0,0.0,1,0.06418485237483953,0,0.0,0,0.0,0,0.0,0,0.0,0,0.0,0,0.0,0,0.0,0,0.0,0,0.0,0,0.0
pga025b,436,27.984595635430036,0,0.0,1122,72.01540436456996,255,16.367137355584084,0,0.0,180,11.553273427471117,0,0.0,0,0.0,0,0.0,0,0.0,0,0.0,0,0.0,1,0.06418485237483953,0,0.0,0,0.0,0,0.0,0,0.0,0,0.0,0,0.0,0,0.0,0,0.0,0,0.0,0,0.0
pga026,1556,99.87163029525033,0,0.0,2,0.12836970474967907,1113,71.4377406931964,0,0.0,440,28.241335044929393,0,0.0,0,0.0,0,0.0,0,0.0,0,0.0,0,0.0,3,0.19255455712451863,0,0.0,0,0.0,0,0.0,0,0.0,0,0.0,0,0.0,0,0.0,0,0.0,0,0.0,0,0.0
pga026a,440,28.241335044929393,0,0.0,1118,71.7586649550706,277,17.77920410783055,0,0.0,163,10.462130937098845,0,0.0,0,0.0,0,0.0,0,0.0,0,0.0,0,0.0,0,0.0,0,0.0,0,0.0,0,0.0,0,0.0,0,0.0,0,0.0,0,0.0,0,0.0,0,0.0,0,0.0
pga026b,440,28.241335044929393,0,0.0,1118,71.7586649550706,213,13.671373555840821,0,0.0,227,14.569961489088575,0,0.0,0,0.0,0,0.0,0,0.0,0,0.0,0,0.0,0,0.0,0,0.0,0,0.0,0,0.0,0,0.0,0,0.0,0,0.0,0,0.0,0,0.0,0,0.0,0,0.0
pga027,1556,99.87163029525033,0,0.0,2,0.12836970474967907,1214,77.92041078305519,0,0.0,340,21.822849807445444,0,0.0,0,0.0,0,0.0,0,0.0,0,0.0,0,0.0,2,0.12836970474967907,0,0.0,0,0.0,0,0.0,0,0.0,0,0.0,0,0.0,0,0.0,0,0.0,0,0.0,0,0.0
pga027a,340,21.822849807445444,0,0.0,1218,78.17715019255456,196,12.58023106546855,0,0.0,143,9.178433889602054,0,0.0,0,0.0,0,0.0,0,0.0,0,0.0,0,0.0,1,0.06418485237483953,0,0.0,0,0.0,0,0.0,0,0.0,0,0.0,0,0.0,0,0.0,0,0.0,0,0.0,0,0.0
pga027b,143,9.178433889602054,0,0.0,1415,90.82156611039794,62,3.979460847240052,0,0.0,81,5.198973042362002,0,0.0,0,0.0,0,0.0,0,0.0,0,0.0,0,0.0,0,0.0,0,0.0,0,0.0,0,0.0,0,0.0,0,0.0,0,0.0,0,0.0,0,0.0,0,0.0,0,0.0
pga027c,278,17.84338896020539,0,0.0,1280,82.15661103979461,143,9.178433889602054,0,0.0,135,8.664955070603337,0,0.0,0,0.0,0,0.0,0,0.0,0,0.0,0,0.0,0,0.0,0,0.0,0,0.0,0,0.0,0,0.0,0,0.0,0,0.0,0,0.0,0,0.0,0,0.0,0,0.0
pga27d,278,17.84338896020539,0,0.0,1280,82.15661103979461,141,9.050064184852374,0,0.0,137,8.793324775353016,0,0.0,0,0.0,0,0.0,0,0.0,0,0.0,0,0.0,0,0.0,0,0.0,0,0.0,0,0.0,0,0.0,0,0.0,0,0.0,0,0.0,0,0.0,0,0.0,0,0.0
pga028,1556,99.87163029525033,0,0.0,2,0.12836970474967907,1276,81.89987163029525,0,0.0,278,17.84338896020539,0,0.0,0,0.0,0,0.0,0,0.0,0,0.0,0,0.0,2,0.12836970474967907,0,0.0,0,0.0,0,0.0,0,0.0,0,0.0,0,0.0,0,0.0,0,0.0,0,0.0,0,0.0
pga028a,278,17.84338896020539,0,0.0,1280,82.15661103979461,155,9.948652118100128,0,0.0,123,7.894736842105263,0,0.0,0,0.0,0,0.0,0,0.0,0,0.0,0,0.0,0,0.0,0,0.0,0,0.0,0,0.0,0,0.0,0,0.0,0,0.0,0,0.0,0,0.0,0,0.0,0,0.0
pga028b,123,7.894736842105263,0,0.0,1435,92.10526315789474,60,3.8510911424903727,0,0.0,63,4.043645699614891,0,0.0,0,0.0,0,0.0,0,0.0,0,0.0,0,0.0,0,0.0,0,0.0,0,0.0,0,0.0,0,0.0,0,0.0,0,0.0,0,0.0,0,0.0,0,0.0,0,0.0
pga028c,218,13.992297817715018,0,0.0,1340,86.00770218228499,117,7.509627727856226,0,0.0,101,6.482670089858793,0,0.0,0,0.0,0,0.0,0,0.0,0,0.0,0,0.0,0,0.0,0,0.0,0,0.0,0,0.0,0,0.0,0,0.0,0,0.0,0,0.0,0,0.0,0,0.0,0,0.0
pga028d,218,13.992297817715018,0,0.0,1340,86.00770218228499,122,7.830551989730424,0,0.0,96,6.161745827984596,0,0.0,0,0.0,0,0.0,0,0.0,0,0.0,0,0.0,0,0.0,0,0.0,0,0.0,0,0.0,0,0.0,0,0.0,0,0.0,0,0.0,0,0.0,0,0.0,0,0.0
pga029,1556,99.87163029525033,0,0.0,2,0.12836970474967907,1324,84.98074454428755,0,0.0,231,14.826700898587934,0,0.0,0,0.0,0,0.0,0,0.0,0,0.0,0,0.0,1,0.06418485237483953,0,0.0,0,0.0,0,0.0,0,0.0,0,0.0,0,0.0,0,0.0,0,0.0,0,0.0,0,0.0
pga029a,231,14.826700898587934,0,0.0,1327,85.17329910141207,119,7.637997432605904,0,0.0,111,7.124518613607189,0,0.0,0,0.0,0,0.0,0,0.0,0,0.0,0,0.0,1,0.06418485237483953,0,0.0,0,0.0,0,0.0,0,0.0,0,0.0,0,0.0,0,0.0,0,0.0,0,0.0,0,0.0
pga029b,111,7.124518613607189,0,0.0,1447,92.8754813863928,64,4.10783055198973,0,0.0,47,3.0166880616174585,0,0.0,0,0.0,0,0.0,0,0.0,0,0.0,0,0.0,0,0.0,0,0.0,0,0.0,0,0.0,0,0.0,0,0.0,0,0.0,0,0.0,0,0.0,0,0.0,0,0.0
pga029c,167,10.718870346598203,0,0.0,1391,89.28112965340179,91,5.840821566110398,0,0.0,76,4.878048780487805,0,0.0,0,0.0,0,0.0,0,0.0,0,0.0,0,0.0,0,0.0,0,0.0,0,0.0,0,0.0,0,0.0,0,0.0,0,0.0,0,0.0,0,0.0,0,0.0,0,0.0
pga029d,167,10.718870346598203,0,0.0,1391,89.28112965340179,74,4.7496790757381255,0,0.0,93,5.969191270860077,0,0.0,0,0.0,0,0.0,0,0.0,0,0.0,0,0.0,0,0.0,0,0.0,0,0.0,0,0.0,0,0.0,0,0.0,0,0.0,0,0.0,0,0.0,0,0.0,0,0.0
pga030,392,25.1604621309371,0,0.0,1166,74.8395378690629,323,20.73170731707317,0,0.0,64,4.10783055198973,0,0.0,0,0.0,0,0.0,0,0.0,0,0.0,0,0.0,5,0.3209242618741977,0,0.0,0,0.0,0,0.0,0,0.0,0,0.0,0,0.0,0,0.0,0,0.0,0,0.0,0,0.0
pga030ay,64,4.10783055198973,44,2.8241335044929397,1494,95.89216944801026,0,0.0,0,0.0,0,0.0,0,0.0,0,0.0,5,0.3209242618741977,5,0.3209242618741977,11,0.7060333761232349,5,0.3209242618741977,4,0.25673940949935814,8,0.5134788189987163,7,0.4492939666238768,3,0.19255455712451863,6,0.38510911424903727,3,0.19255455712451863,6,0.38510911424903727,0,0.0,1,0.06418485237483953,0,0.0,0,0.0
pga030az,0,0.0,0,0.0,1558,100.0,0,0.0,0,0.0,0,0.0,0,0.0,0,0.0,0,0.0,0,0.0,0,0.0,0,0.0,0,0.0,0,0.0,0,0.0,0,0.0,0,0.0,0,0.0,0,0.0,0,0.0,0,0.0,0,0.0,0,0.0
