question,cnt_non_nan,pct_non_nan,cnt_non_standard,pct_non_standard,cnt_nan,pct_nan,cnt_0_NO,pct_0_NO,cnt_1,pct_1,cnt_2_SI,pct_2_SI,cnt_3_AV/A,pct_3_AV/A,cnt_4,pct_4,cnt_5,pct_5,cnt_6,pct_6,cnt_8_NA,pct_8_NA,cnt_9_NS,pct_9_NS,cnt_10,pct_10,cnt_11,pct_11,cnt_12,pct_12,cnt_13,pct_13,cnt_14,pct_14,cnt_15,pct_15,cnt_16,pct_16,cnt_17,pct_17,cnt_18,pct_18
pmj001,1556,99.87163029525033,0,0.0,2,0.12836970474967907,1456,93.45314505776636,0,0.0,99,6.354300385109115,0,0.0,0,0.0,0,0.0,0,0.0,0,0.0,1,0.06418485237483953,0,0.0,0,0.0,0,0.0,0,0.0,0,0.0,0,0.0,0,0.0,0,0.0,0,0.0
pmj001ay,99,6.354300385109115,98,6.290115532734275,1459,93.64569961489089,0,0.0,0,0.0,0,0.0,0,0.0,0,0.0,0,0.0,0,0.0,0,0.0,1,0.06418485237483953,0,0.0,0,0.0,2,0.12836970474967907,7,0.4492939666238768,18,1.1553273427471118,30,1.9255455712451863,26,1.6688061617458279,11,0.7060333761232349,4,0.25673940949935814
pmj001az,0,0.0,0,0.0,1558,100.0,0,0.0,0,0.0,0,0.0,0,0.0,0,0.0,0,0.0,0,0.0,0,0.0,0,0.0,0,0.0,0,0.0,0,0.0,0,0.0,0,0.0,0,0.0,0,0.0,0,0.0,0,0.0
pmj001b,85,5.455712451861361,0,0.0,1473,94.54428754813864,33,2.1181001283697047,0,0.0,52,3.3376123234916557,0,0.0,0,0.0,0,0.0,0,0.0,0,0.0,0,0.0,0,0.0,0,0.0,0,0.0,0,0.0,0,0.0,0,0.0,0,0.0,0,0.0,0,0.0
pmj001c,66,4.2362002567394095,0,0.0,1492,95.76379974326059,29,1.8613607188703467,0,0.0,37,2.3748395378690628,0,0.0,0,0.0,0,0.0,0,0.0,0,0.0,0,0.0,0,0.0,0,0.0,0,0.0,0,0.0,0,0.0,0,0.0,0,0.0,0,0.0,0,0.0
pmj001d,62,3.979460847240052,0,0.0,1496,96.02053915275995,47,3.0166880616174585,0,0.0,15,0.9627727856225932,0,0.0,0,0.0,0,0.0,0,0.0,0,0.0,0,0.0,0,0.0,0,0.0,0,0.0,0,0.0,0,0.0,0,0.0,0,0.0,0,0.0,0,0.0
pmj001e,15,0.9627727856225932,0,0.0,1543,99.03722721437741,7,0.4492939666238768,0,0.0,8,0.5134788189987163,0,0.0,0,0.0,0,0.0,0,0.0,0,0.0,0,0.0,0,0.0,0,0.0,0,0.0,0,0.0,0,0.0,0,0.0,0,0.0,0,0.0,0,0.0
pmj001f,37,2.3748395378690628,21,1.3478818998716302,1521,97.62516046213094,0,0.0,17,1.0911424903722722,12,0.7702182284980745,4,0.25673940949935814,4,0.25673940949935814,0,0.0,0,0.0,0,0.0,0,0.0,0,0.0,0,0.0,0,0.0,0,0.0,0,0.0,0,0.0,0,0.0,0,0.0,0,0.0
pmj001g,37,2.3748395378690628,0,0.0,1521,97.62516046213094,17,1.0911424903722722,0,0.0,20,1.2836970474967908,0,0.0,0,0.0,0,0.0,0,0.0,0,0.0,0,0.0,0,0.0,0,0.0,0,0.0,0,0.0,0,0.0,0,0.0,0,0.0,0,0.0,0,0.0
pmj001h,17,1.0911424903722722,11,0.7060333761232349,1541,98.90885750962772,0,0.0,3,0.19255455712451863,0,0.0,1,0.06418485237483953,2,0.12836970474967907,2,0.12836970474967907,1,0.06418485237483953,2,0.12836970474967907,3,0.19255455712451863,2,0.12836970474967907,1,0.06418485237483953,0,0.0,0,0.0,0,0.0,0,0.0,0,0.0,0,0.0,0,0.0
pmj002,36,2.3106546854942236,0,0.0,1522,97.68934531450579,34,2.1822849807445444,0,0.0,1,0.06418485237483953,0,0.0,0,0.0,0,0.0,0,0.0,1,0.06418485237483953,0,0.0,0,0.0,0,0.0,0,0.0,0,0.0,0,0.0,0,0.0,0,0.0,0,0.0,0,0.0
pmj002a,1,0.06418485237483953,0,0.0,1557,99.93581514762516,0,0.0,0,0.0,1,0.06418485237483953,0,0.0,0,0.0,0,0.0,0,0.0,0,0.0,0,0.0,0,0.0,0,0.0,0,0.0,0,0.0,0,0.0,0,0.0,0,0.0,0,0.0,0,0.0
pmj003,35,2.246469833119384,0,0.0,1523,97.75353016688062,22,1.4120667522464698,0,0.0,12,0.7702182284980745,0,0.0,0,0.0,0,0.0,0,0.0,1,0.06418485237483953,0,0.0,0,0.0,0,0.0,0,0.0,0,0.0,0,0.0,0,0.0,0,0.0,0,0.0,0,0.0
pmj003a,12,0.7702182284980745,0,0.0,1546,99.22978177150192,4,0.25673940949935814,0,0.0,8,0.5134788189987163,0,0.0,0,0.0,0,0.0,0,0.0,0,0.0,0,0.0,0,0.0,0,0.0,0,0.0,0,0.0,0,0.0,0,0.0,0,0.0,0,0.0,0,0.0
pmj004,27,1.7329910141206675,0,0.0,1531,98.26700898587933,26,1.6688061617458279,0,0.0,0,0.0,0,0.0,0,0.0,0,0.0,0,0.0,1,0.06418485237483953,0,0.0,0,0.0,0,0.0,0,0.0,0,0.0,0,0.0,0,0.0,0,0.0,0,0.0,0,0.0
pmj004a,0,0.0,0,0.0,1558,100.0,0,0.0,0,0.0,0,0.0,0,0.0,0,0.0,0,0.0,0,0.0,0,0.0,0,0.0,0,0.0,0,0.0,0,0.0,0,0.0,0,0.0,0,0.0,0,0.0,0,0.0,0,0.0
pmj005,28,1.797175866495507,0,0.0,1530,98.20282413350449,27,1.7329910141206675,0,0.0,1,0.06418485237483953,0,0.0,0,0.0,0,0.0,0,0.0,0,0.0,0,0.0,0,0.0,0,0.0,0,0.0,0,0.0,0,0.0,0,0.0,0,0.0,0,0.0,0,0.0
pmj005a,1,0.06418485237483953,0,0.0,1557,99.93581514762516,1,0.06418485237483953,0,0.0,0,0.0,0,0.0,0,0.0,0,0.0,0,0.0,0,0.0,0,0.0,0,0.0,0,0.0,0,0.0,0,0.0,0,0.0,0,0.0,0,0.0,0,0.0,0,0.0
pmj006,37,2.3748395378690628,0,0.0,1521,97.62516046213094,33,2.1181001283697047,0,0.0,4,0.25673940949935814,0,0.0,0,0.0,0,0.0,0,0.0,0,0.0,0,0.0,0,0.0,0,0.0,0,0.0,0,0.0,0,0.0,0,0.0,0,0.0,0,0.0,0,0.0
pmj006a,4,0.25673940949935814,0,0.0,1554,99.74326059050064,0,0.0,0,0.0,4,0.25673940949935814,0,0.0,0,0.0,0,0.0,0,0.0,0,0.0,0,0.0,0,0.0,0,0.0,0,0.0,0,0.0,0,0.0,0,0.0,0,0.0,0,0.0,0,0.0
pmj007,33,2.1181001283697047,0,0.0,1525,97.8818998716303,30,1.9255455712451863,0,0.0,3,0.19255455712451863,0,0.0,0,0.0,0,0.0,0,0.0,0,0.0,0,0.0,0,0.0,0,0.0,0,0.0,0,0.0,0,0.0,0,0.0,0,0.0,0,0.0,0,0.0
pmj007a,3,0.19255455712451863,0,0.0,1555,99.80744544287549,1,0.06418485237483953,0,0.0,2,0.12836970474967907,0,0.0,0,0.0,0,0.0,0,0.0,0,0.0,0,0.0,0,0.0,0,0.0,0,0.0,0,0.0,0,0.0,0,0.0,0,0.0,0,0.0,0,0.0
pmj008,33,2.1181001283697047,0,0.0,1525,97.8818998716303,28,1.797175866495507,0,0.0,5,0.3209242618741977,0,0.0,0,0.0,0,0.0,0,0.0,0,0.0,0,0.0,0,0.0,0,0.0,0,0.0,0,0.0,0,0.0,0,0.0,0,0.0,0,0.0,0,0.0
pmj008a,5,0.3209242618741977,0,0.0,1553,99.6790757381258,1,0.06418485237483953,0,0.0,4,0.25673940949935814,0,0.0,0,0.0,0,0.0,0,0.0,0,0.0,0,0.0,0,0.0,0,0.0,0,0.0,0,0.0,0,0.0,0,0.0,0,0.0,0,0.0,0,0.0
pmj009,37,2.3748395378690628,0,0.0,1521,97.62516046213094,34,2.1822849807445444,0,0.0,3,0.19255455712451863,0,0.0,0,0.0,0,0.0,0,0.0,0,0.0,0,0.0,0,0.0,0,0.0,0,0.0,0,0.0,0,0.0,0,0.0,0,0.0,0,0.0,0,0.0
pmj009a,3,0.19255455712451863,0,0.0,1555,99.80744544287549,1,0.06418485237483953,0,0.0,2,0.12836970474967907,0,0.0,0,0.0,0,0.0,0,0.0,0,0.0,0,0.0,0,0.0,0,0.0,0,0.0,0,0.0,0,0.0,0,0.0,0,0.0,0,0.0,0,0.0
pmj010,37,2.3748395378690628,0,0.0,1521,97.62516046213094,26,1.6688061617458279,0,0.0,11,0.7060333761232349,0,0.0,0,0.0,0,0.0,0,0.0,0,0.0,0,0.0,0,0.0,0,0.0,0,0.0,0,0.0,0,0.0,0,0.0,0,0.0,0,0.0,0,0.0
pmj010a,26,1.6688061617458279,0,0.0,1532,98.33119383825417,24,1.540436456996149,0,0.0,2,0.12836970474967907,0,0.0,0,0.0,0,0.0,0,0.0,0,0.0,0,0.0,0,0.0,0,0.0,0,0.0,0,0.0,0,0.0,0,0.0,0,0.0,0,0.0,0,0.0
pmj011,37,2.3748395378690628,0,0.0,1521,97.62516046213094,26,1.6688061617458279,0,0.0,11,0.7060333761232349,0,0.0,0,0.0,0,0.0,0,0.0,0,0.0,0,0.0,0,0.0,0,0.0,0,0.0,0,0.0,0,0.0,0,0.0,0,0.0,0,0.0,0,0.0
pmj011a,11,0.7060333761232349,0,0.0,1547,99.29396662387676,1,0.06418485237483953,0,0.0,10,0.6418485237483954,0,0.0,0,0.0,0,0.0,0,0.0,0,0.0,0,0.0,0,0.0,0,0.0,0,0.0,0,0.0,0,0.0,0,0.0,0,0.0,0,0.0,0,0.0
pmj011b,26,1.6688061617458279,0,0.0,1532,98.33119383825417,25,1.6046213093709885,0,0.0,1,0.06418485237483953,0,0.0,0,0.0,0,0.0,0,0.0,0,0.0,0,0.0,0,0.0,0,0.0,0,0.0,0,0.0,0,0.0,0,0.0,0,0.0,0,0.0,0,0.0
pmj012,37,2.3748395378690628,0,0.0,1521,97.62516046213094,30,1.9255455712451863,0,0.0,7,0.4492939666238768,0,0.0,0,0.0,0,0.0,0,0.0,0,0.0,0,0.0,0,0.0,0,0.0,0,0.0,0,0.0,0,0.0,0,0.0,0,0.0,0,0.0,0,0.0
pmj012a,30,1.9255455712451863,0,0.0,1528,98.0744544287548,22,1.4120667522464698,0,0.0,8,0.5134788189987163,0,0.0,0,0.0,0,0.0,0,0.0,0,0.0,0,0.0,0,0.0,0,0.0,0,0.0,0,0.0,0,0.0,0,0.0,0,0.0,0,0.0,0,0.0
pmj013,37,2.3748395378690628,0,0.0,1521,97.62516046213094,30,1.9255455712451863,0,0.0,7,0.4492939666238768,0,0.0,0,0.0,0,0.0,0,0.0,0,0.0,0,0.0,0,0.0,0,0.0,0,0.0,0,0.0,0,0.0,0,0.0,0,0.0,0,0.0,0,0.0
pmj013a,30,1.9255455712451863,0,0.0,1528,98.0744544287548,30,1.9255455712451863,0,0.0,0,0.0,0,0.0,0,0.0,0,0.0,0,0.0,0,0.0,0,0.0,0,0.0,0,0.0,0,0.0,0,0.0,0,0.0,0,0.0,0,0.0,0,0.0,0,0.0
pmj014,37,2.3748395378690628,0,0.0,1521,97.62516046213094,32,2.053915275994865,0,0.0,5,0.3209242618741977,0,0.0,0,0.0,0,0.0,0,0.0,0,0.0,0,0.0,0,0.0,0,0.0,0,0.0,0,0.0,0,0.0,0,0.0,0,0.0,0,0.0,0,0.0
pmj014a,32,2.053915275994865,0,0.0,1526,97.94608472400513,32,2.053915275994865,0,0.0,0,0.0,0,0.0,0,0.0,0,0.0,0,0.0,0,0.0,0,0.0,0,0.0,0,0.0,0,0.0,0,0.0,0,0.0,0,0.0,0,0.0,0,0.0,0,0.0
pmj015,37,2.3748395378690628,0,0.0,1521,97.62516046213094,30,1.9255455712451863,0,0.0,6,0.38510911424903727,0,0.0,0,0.0,0,0.0,0,0.0,0,0.0,1,0.06418485237483953,0,0.0,0,0.0,0,0.0,0,0.0,0,0.0,0,0.0,0,0.0,0,0.0,0,0.0
pmj016,37,2.3748395378690628,0,0.0,1521,97.62516046213094,34,2.1822849807445444,0,0.0,3,0.19255455712451863,0,0.0,0,0.0,0,0.0,0,0.0,0,0.0,0,0.0,0,0.0,0,0.0,0,0.0,0,0.0,0,0.0,0,0.0,0,0.0,0,0.0,0,0.0
pmj016a,3,0.19255455712451863,0,0.0,1555,99.80744544287549,0,0.0,0,0.0,3,0.19255455712451863,0,0.0,0,0.0,0,0.0,0,0.0,0,0.0,0,0.0,0,0.0,0,0.0,0,0.0,0,0.0,0,0.0,0,0.0,0,0.0,0,0.0,0,0.0
pmj017,37,2.3748395378690628,0,0.0,1521,97.62516046213094,37,2.3748395378690628,0,0.0,0,0.0,0,0.0,0,0.0,0,0.0,0,0.0,0,0.0,0,0.0,0,0.0,0,0.0,0,0.0,0,0.0,0,0.0,0,0.0,0,0.0,0,0.0,0,0.0
pmj017a,0,0.0,0,0.0,1558,100.0,0,0.0,0,0.0,0,0.0,0,0.0,0,0.0,0,0.0,0,0.0,0,0.0,0,0.0,0,0.0,0,0.0,0,0.0,0,0.0,0,0.0,0,0.0,0,0.0,0,0.0,0,0.0
pmj018,37,2.3748395378690628,0,0.0,1521,97.62516046213094,36,2.3106546854942236,0,0.0,1,0.06418485237483953,0,0.0,0,0.0,0,0.0,0,0.0,0,0.0,0,0.0,0,0.0,0,0.0,0,0.0,0,0.0,0,0.0,0,0.0,0,0.0,0,0.0,0,0.0
pmj019,37,2.3748395378690628,0,0.0,1521,97.62516046213094,36,2.3106546854942236,0,0.0,1,0.06418485237483953,0,0.0,0,0.0,0,0.0,0,0.0,0,0.0,0,0.0,0,0.0,0,0.0,0,0.0,0,0.0,0,0.0,0,0.0,0,0.0,0,0.0,0,0.0
pmj020y,19,1.2195121951219512,19,1.2195121951219512,1539,98.78048780487805,0,0.0,0,0.0,0,0.0,0,0.0,0,0.0,0,0.0,0,0.0,0,0.0,0,0.0,0,0.0,0,0.0,0,0.0,1,0.06418485237483953,5,0.3209242618741977,4,0.25673940949935814,4,0.25673940949935814,5,0.3209242618741977,0,0.0
pmj020z,0,0.0,0,0.0,1558,100.0,0,0.0,0,0.0,0,0.0,0,0.0,0,0.0,0,0.0,0,0.0,0,0.0,0,0.0,0,0.0,0,0.0,0,0.0,0,0.0,0,0.0,0,0.0,0,0.0,0,0.0,0,0.0
pmj020a,10,0.6418485237483954,0,0.0,1548,99.3581514762516,5,0.3209242618741977,0,0.0,5,0.3209242618741977,0,0.0,0,0.0,0,0.0,0,0.0,0,0.0,0,0.0,0,0.0,0,0.0,0,0.0,0,0.0,0,0.0,0,0.0,0,0.0,0,0.0,0,0.0
pmj020b,9,0.5776636713735559,0,0.0,1549,99.42233632862644,5,0.3209242618741977,0,0.0,4,0.25673940949935814,0,0.0,0,0.0,0,0.0,0,0.0,0,0.0,0,0.0,0,0.0,0,0.0,0,0.0,0,0.0,0,0.0,0,0.0,0,0.0,0,0.0,0,0.0
pmj020c,4,0.25673940949935814,0,0.0,1554,99.74326059050064,1,0.06418485237483953,0,0.0,3,0.19255455712451863,0,0.0,0,0.0,0,0.0,0,0.0,0,0.0,0,0.0,0,0.0,0,0.0,0,0.0,0,0.0,0,0.0,0,0.0,0,0.0,0,0.0,0,0.0
pmj020dy,3,0.19255455712451863,3,0.19255455712451863,1555,99.80744544287549,0,0.0,0,0.0,0,0.0,0,0.0,0,0.0,0,0.0,0,0.0,0,0.0,0,0.0,0,0.0,0,0.0,0,0.0,1,0.06418485237483953,0,0.0,1,0.06418485237483953,0,0.0,0,0.0,1,0.06418485237483953
pmj020dz,0,0.0,0,0.0,1558,100.0,0,0.0,0,0.0,0,0.0,0,0.0,0,0.0,0,0.0,0,0.0,0,0.0,0,0.0,0,0.0,0,0.0,0,0.0,0,0.0,0,0.0,0,0.0,0,0.0,0,0.0,0,0.0
pmj020e,1,0.06418485237483953,0,0.0,1557,99.93581514762516,0,0.0,0,0.0,1,0.06418485237483953,0,0.0,0,0.0,0,0.0,0,0.0,0,0.0,0,0.0,0,0.0,0,0.0,0,0.0,0,0.0,0,0.0,0,0.0,0,0.0,0,0.0,0,0.0
pmj021,19,1.2195121951219512,2,0.12836970474967907,1539,98.78048780487805,12,0.7702182284980745,2,0.12836970474967907,5,0.3209242618741977,0,0.0,0,0.0,0,0.0,0,0.0,0,0.0,0,0.0,0,0.0,0,0.0,0,0.0,0,0.0,0,0.0,0,0.0,0,0.0,0,0.0,0,0.0
pmj021a,7,0.4492939666238768,1,0.06418485237483953,1551,99.55070603337613,0,0.0,1,0.06418485237483953,2,0.12836970474967907,4,0.25673940949935814,0,0.0,0,0.0,0,0.0,0,0.0,0,0.0,0,0.0,0,0.0,0,0.0,0,0.0,0,0.0,0,0.0,0,0.0,0,0.0,0,0.0
pmj022,19,1.2195121951219512,0,0.0,1539,98.78048780487805,17,1.0911424903722722,0,0.0,2,0.12836970474967907,0,0.0,0,0.0,0,0.0,0,0.0,0,0.0,0,0.0,0,0.0,0,0.0,0,0.0,0,0.0,0,0.0,0,0.0,0,0.0,0,0.0,0,0.0
pmj022a,2,0.12836970474967907,0,0.0,1556,99.87163029525033,0,0.0,0,0.0,0,0.0,2,0.12836970474967907,0,0.0,0,0.0,0,0.0,0,0.0,0,0.0,0,0.0,0,0.0,0,0.0,0,0.0,0,0.0,0,0.0,0,0.0,0,0.0,0,0.0
pmj023,19,1.2195121951219512,2,0.12836970474967907,1539,98.78048780487805,15,0.9627727856225932,2,0.12836970474967907,2,0.12836970474967907,0,0.0,0,0.0,0,0.0,0,0.0,0,0.0,0,0.0,0,0.0,0,0.0,0,0.0,0,0.0,0,0.0,0,0.0,0,0.0,0,0.0,0,0.0
pmj023a,4,0.25673940949935814,3,0.19255455712451863,1554,99.74326059050064,0,0.0,3,0.19255455712451863,0,0.0,1,0.06418485237483953,0,0.0,0,0.0,0,0.0,0,0.0,0,0.0,0,0.0,0,0.0,0,0.0,0,0.0,0,0.0,0,0.0,0,0.0,0,0.0,0,0.0
pmj024,18,1.1553273427471118,0,0.0,1540,98.84467265725289,14,0.8985879332477535,0,0.0,4,0.25673940949935814,0,0.0,0,0.0,0,0.0,0,0.0,0,0.0,0,0.0,0,0.0,0,0.0,0,0.0,0,0.0,0,0.0,0,0.0,0,0.0,0,0.0,0,0.0
pmj024a,4,0.25673940949935814,3,0.19255455712451863,1554,99.74326059050064,0,0.0,3,0.19255455712451863,1,0.06418485237483953,0,0.0,0,0.0,0,0.0,0,0.0,0,0.0,0,0.0,0,0.0,0,0.0,0,0.0,0,0.0,0,0.0,0,0.0,0,0.0,0,0.0,0,0.0
pmj025,18,1.1553273427471118,0,0.0,1540,98.84467265725289,16,1.0269576379974326,0,0.0,2,0.12836970474967907,0,0.0,0,0.0,0,0.0,0,0.0,0,0.0,0,0.0,0,0.0,0,0.0,0,0.0,0,0.0,0,0.0,0,0.0,0,0.0,0,0.0,0,0.0
pmj025a,2,0.12836970474967907,1,0.06418485237483953,1556,99.87163029525033,0,0.0,1,0.06418485237483953,1,0.06418485237483953,0,0.0,0,0.0,0,0.0,0,0.0,0,0.0,0,0.0,0,0.0,0,0.0,0,0.0,0,0.0,0,0.0,0,0.0,0,0.0,0,0.0,0,0.0
pmj026,19,1.2195121951219512,0,0.0,1539,98.78048780487805,19,1.2195121951219512,0,0.0,0,0.0,0,0.0,0,0.0,0,0.0,0,0.0,0,0.0,0,0.0,0,0.0,0,0.0,0,0.0,0,0.0,0,0.0,0,0.0,0,0.0,0,0.0,0,0.0
pmj026a,0,0.0,0,0.0,1558,100.0,0,0.0,0,0.0,0,0.0,0,0.0,0,0.0,0,0.0,0,0.0,0,0.0,0,0.0,0,0.0,0,0.0,0,0.0,0,0.0,0,0.0,0,0.0,0,0.0,0,0.0,0,0.0
pmj027,19,1.2195121951219512,0,0.0,1539,98.78048780487805,18,1.1553273427471118,0,0.0,1,0.06418485237483953,0,0.0,0,0.0,0,0.0,0,0.0,0,0.0,0,0.0,0,0.0,0,0.0,0,0.0,0,0.0,0,0.0,0,0.0,0,0.0,0,0.0,0,0.0
pmj027a,18,1.1553273427471118,0,0.0,1540,98.84467265725289,18,1.1553273427471118,0,0.0,0,0.0,0,0.0,0,0.0,0,0.0,0,0.0,0,0.0,0,0.0,0,0.0,0,0.0,0,0.0,0,0.0,0,0.0,0,0.0,0,0.0,0,0.0,0,0.0
pmj028,1,0.06418485237483953,0,0.0,1557,99.93581514762516,1,0.06418485237483953,0,0.0,0,0.0,0,0.0,0,0.0,0,0.0,0,0.0,0,0.0,0,0.0,0,0.0,0,0.0,0,0.0,0,0.0,0,0.0,0,0.0,0,0.0,0,0.0,0,0.0
pmj029,19,1.2195121951219512,0,0.0,1539,98.78048780487805,19,1.2195121951219512,0,0.0,0,0.0,0,0.0,0,0.0,0,0.0,0,0.0,0,0.0,0,0.0,0,0.0,0,0.0,0,0.0,0,0.0,0,0.0,0,0.0,0,0.0,0,0.0,0,0.0
pmj030,28,1.797175866495507,0,0.0,1530,98.20282413350449,25,1.6046213093709885,0,0.0,3,0.19255455712451863,0,0.0,0,0.0,0,0.0,0,0.0,0,0.0,0,0.0,0,0.0,0,0.0,0,0.0,0,0.0,0,0.0,0,0.0,0,0.0,0,0.0,0,0.0
pmj030a,3,0.19255455712451863,0,0.0,1555,99.80744544287549,1,0.06418485237483953,0,0.0,2,0.12836970474967907,0,0.0,0,0.0,0,0.0,0,0.0,0,0.0,0,0.0,0,0.0,0,0.0,0,0.0,0,0.0,0,0.0,0,0.0,0,0.0,0,0.0,0,0.0
pmj031,36,2.3106546854942236,0,0.0,1522,97.68934531450579,35,2.246469833119384,0,0.0,1,0.06418485237483953,0,0.0,0,0.0,0,0.0,0,0.0,0,0.0,0,0.0,0,0.0,0,0.0,0,0.0,0,0.0,0,0.0,0,0.0,0,0.0,0,0.0,0,0.0
pmj032,36,2.3106546854942236,0,0.0,1522,97.68934531450579,36,2.3106546854942236,0,0.0,0,0.0,0,0.0,0,0.0,0,0.0,0,0.0,0,0.0,0,0.0,0,0.0,0,0.0,0,0.0,0,0.0,0,0.0,0,0.0,0,0.0,0,0.0,0,0.0
pmj032a,36,2.3106546854942236,0,0.0,1522,97.68934531450579,35,2.246469833119384,0,0.0,1,0.06418485237483953,0,0.0,0,0.0,0,0.0,0,0.0,0,0.0,0,0.0,0,0.0,0,0.0,0,0.0,0,0.0,0,0.0,0,0.0,0,0.0,0,0.0,0,0.0
pmj033,36,2.3106546854942236,0,0.0,1522,97.68934531450579,35,2.246469833119384,0,0.0,1,0.06418485237483953,0,0.0,0,0.0,0,0.0,0,0.0,0,0.0,0,0.0,0,0.0,0,0.0,0,0.0,0,0.0,0,0.0,0,0.0,0,0.0,0,0.0,0,0.0
pmj033a,35,2.246469833119384,0,0.0,1523,97.75353016688062,29,1.8613607188703467,0,0.0,6,0.38510911424903727,0,0.0,0,0.0,0,0.0,0,0.0,0,0.0,0,0.0,0,0.0,0,0.0,0,0.0,0,0.0,0,0.0,0,0.0,0,0.0,0,0.0,0,0.0
pmj034,36,2.3106546854942236,0,0.0,1522,97.68934531450579,35,2.246469833119384,0,0.0,1,0.06418485237483953,0,0.0,0,0.0,0,0.0,0,0.0,0,0.0,0,0.0,0,0.0,0,0.0,0,0.0,0,0.0,0,0.0,0,0.0,0,0.0,0,0.0,0,0.0
pmj035,36,2.3106546854942236,0,0.0,1522,97.68934531450579,35,2.246469833119384,0,0.0,1,0.06418485237483953,0,0.0,0,0.0,0,0.0,0,0.0,0,0.0,0,0.0,0,0.0,0,0.0,0,0.0,0,0.0,0,0.0,0,0.0,0,0.0,0,0.0,0,0.0
pmj036,36,2.3106546854942236,0,0.0,1522,97.68934531450579,36,2.3106546854942236,0,0.0,0,0.0,0,0.0,0,0.0,0,0.0,0,0.0,0,0.0,0,0.0,0,0.0,0,0.0,0,0.0,0,0.0,0,0.0,0,0.0,0,0.0,0,0.0,0,0.0
pmj037,36,2.3106546854942236,0,0.0,1522,97.68934531450579,36,2.3106546854942236,0,0.0,0,0.0,0,0.0,0,0.0,0,0.0,0,0.0,0,0.0,0,0.0,0,0.0,0,0.0,0,0.0,0,0.0,0,0.0,0,0.0,0,0.0,0,0.0,0,0.0
pmj038y,11,0.7060333761232349,11,0.7060333761232349,1547,99.29396662387676,0,0.0,0,0.0,0,0.0,0,0.0,0,0.0,0,0.0,0,0.0,0,0.0,0,0.0,0,0.0,0,0.0,0,0.0,2,0.12836970474967907,2,0.12836970474967907,2,0.12836970474967907,2,0.12836970474967907,3,0.19255455712451863,0,0.0
pmj038z,0,0.0,0,0.0,1558,100.0,0,0.0,0,0.0,0,0.0,0,0.0,0,0.0,0,0.0,0,0.0,0,0.0,0,0.0,0,0.0,0,0.0,0,0.0,0,0.0,0,0.0,0,0.0,0,0.0,0,0.0,0,0.0
pmj039y,11,0.7060333761232349,11,0.7060333761232349,1547,99.29396662387676,0,0.0,0,0.0,0,0.0,0,0.0,0,0.0,0,0.0,0,0.0,0,0.0,0,0.0,0,0.0,0,0.0,0,0.0,1,0.06418485237483953,2,0.12836970474967907,2,0.12836970474967907,2,0.12836970474967907,3,0.19255455712451863,1,0.06418485237483953
pmj039z,0,0.0,0,0.0,1558,100.0,0,0.0,0,0.0,0,0.0,0,0.0,0,0.0,0,0.0,0,0.0,0,0.0,0,0.0,0,0.0,0,0.0,0,0.0,0,0.0,0,0.0,0,0.0,0,0.0,0,0.0,0,0.0
pmj040,1,0.06418485237483953,0,0.0,1557,99.93581514762516,1,0.06418485237483953,0,0.0,0,0.0,0,0.0,0,0.0,0,0.0,0,0.0,0,0.0,0,0.0,0,0.0,0,0.0,0,0.0,0,0.0,0,0.0,0,0.0,0,0.0,0,0.0,0,0.0
pmj041,1,0.06418485237483953,0,0.0,1557,99.93581514762516,1,0.06418485237483953,0,0.0,0,0.0,0,0.0,0,0.0,0,0.0,0,0.0,0,0.0,0,0.0,0,0.0,0,0.0,0,0.0,0,0.0,0,0.0,0,0.0,0,0.0,0,0.0,0,0.0
pmj042,1,0.06418485237483953,0,0.0,1557,99.93581514762516,1,0.06418485237483953,0,0.0,0,0.0,0,0.0,0,0.0,0,0.0,0,0.0,0,0.0,0,0.0,0,0.0,0,0.0,0,0.0,0,0.0,0,0.0,0,0.0,0,0.0,0,0.0,0,0.0
pmj043,1,0.06418485237483953,0,0.0,1557,99.93581514762516,1,0.06418485237483953,0,0.0,0,0.0,0,0.0,0,0.0,0,0.0,0,0.0,0,0.0,0,0.0,0,0.0,0,0.0,0,0.0,0,0.0,0,0.0,0,0.0,0,0.0,0,0.0,0,0.0
