question,cnt_non_nan,pct_non_nan,cnt_non_standard,pct_non_standard,cnt_nan,pct_nan,cnt_0_NO,pct_0_NO,cnt_1,pct_1,cnt_2_SI,pct_2_SI,cnt_3_AV/A,pct_3_AV/A,cnt_4,pct_4,cnt_5,pct_5,cnt_6,pct_6,cnt_7_NR,pct_7_NR,cnt_8_NA,pct_8_NA,cnt_9_NS,pct_9_NS,cnt_10,pct_10,cnt_11,pct_11,cnt_12,pct_12,cnt_13,pct_13,cnt_14,pct_14,cnt_15,pct_15,cnt_16,pct_16,cnt_17,pct_17,cnt_18,pct_18,cnt_20,pct_20,cnt_99_NS,pct_99_NS
pni001,1556,99.87163029525033,0,0.0,2,0.12836970474967907,1240,79.58921694480102,0,0.0,313,20.089858793324776,0,0.0,0,0.0,0,0.0,0,0.0,0,0.0,0,0.0,3,0.19255455712451863,0,0.0,0,0.0,0,0.0,0,0.0,0,0.0,0,0.0,0,0.0,0,0.0,0,0.0,0,0.0,0,0.0
pni001ay,313,20.089858793324776,296,18.998716302952502,1245,79.91014120667522,0,0.0,1,0.06418485237483953,0,0.0,1,0.06418485237483953,1,0.06418485237483953,2,0.12836970474967907,0,0.0,4,0.25673940949935814,4,0.25673940949935814,8,0.5134788189987163,24,1.540436456996149,23,1.4762516046213094,40,2.5673940949935816,55,3.530166880616174,59,3.7869062901155326,46,2.952503209242619,29,1.8613607188703467,13,0.8344030808729139,3,0.19255455712451863,0,0.0,0,0.0
pni001az,0,0.0,0,0.0,1558,100.0,0,0.0,0,0.0,0,0.0,0,0.0,0,0.0,0,0.0,0,0.0,0,0.0,0,0.0,0,0.0,0,0.0,0,0.0,0,0.0,0,0.0,0,0.0,0,0.0,0,0.0,0,0.0,0,0.0,0,0.0,0,0.0
pni001b,279,17.907573812580228,0,0.0,1279,82.09242618741976,87,5.58408215661104,0,0.0,192,12.323491655969192,0,0.0,0,0.0,0,0.0,0,0.0,0,0.0,0,0.0,0,0.0,0,0.0,0,0.0,0,0.0,0,0.0,0,0.0,0,0.0,0,0.0,0,0.0,0,0.0,0,0.0,0,0.0
pni001c,226,14.505776636713735,0,0.0,1332,85.49422336328625,75,4.813863928112965,0,0.0,151,9.691912708600771,0,0.0,0,0.0,0,0.0,0,0.0,0,0.0,0,0.0,0,0.0,0,0.0,0,0.0,0,0.0,0,0.0,0,0.0,0,0.0,0,0.0,0,0.0,0,0.0,0,0.0,0,0.0
pni001d,75,4.813863928112965,46,2.952503209242619,1483,95.18613607188703,1,0.06418485237483953,6,0.38510911424903727,1,0.06418485237483953,4,0.25673940949935814,6,0.38510911424903727,1,0.06418485237483953,8,0.5134788189987163,10,0.6418485237483954,2,0.12836970474967907,11,0.7060333761232349,9,0.5776636713735559,9,0.5776636713735559,7,0.4492939666238768,0,0.0,0,0.0,0,0.0,0,0.0,0,0.0,0,0.0,0,0.0,0,0.0
pni002,1556,99.87163029525033,0,0.0,2,0.12836970474967907,1483,95.18613607188703,0,0.0,1,0.06418485237483953,0,0.0,0,0.0,0,0.0,0,0.0,3,0.19255455712451863,0,0.0,69,4.428754813863929,0,0.0,0,0.0,0,0.0,0,0.0,0,0.0,0,0.0,0,0.0,0,0.0,0,0.0,0,0.0,0,0.0
pni002ay,1,0.06418485237483953,1,0.06418485237483953,1557,99.93581514762516,0,0.0,0,0.0,0,0.0,0,0.0,0,0.0,0,0.0,0,0.0,0,0.0,0,0.0,0,0.0,0,0.0,0,0.0,0,0.0,0,0.0,0,0.0,0,0.0,0,0.0,1,0.06418485237483953,0,0.0,0,0.0,0,0.0
pni002az,0,0.0,0,0.0,1558,100.0,0,0.0,0,0.0,0,0.0,0,0.0,0,0.0,0,0.0,0,0.0,0,0.0,0,0.0,0,0.0,0,0.0,0,0.0,0,0.0,0,0.0,0,0.0,0,0.0,0,0.0,0,0.0,0,0.0,0,0.0,0,0.0
pni002b,1,0.06418485237483953,0,0.0,1557,99.93581514762516,1,0.06418485237483953,0,0.0,0,0.0,0,0.0,0,0.0,0,0.0,0,0.0,0,0.0,0,0.0,0,0.0,0,0.0,0,0.0,0,0.0,0,0.0,0,0.0,0,0.0,0,0.0,0,0.0,0,0.0,0,0.0,0,0.0
pni002c,0,0.0,0,0.0,1558,100.0,0,0.0,0,0.0,0,0.0,0,0.0,0,0.0,0,0.0,0,0.0,0,0.0,0,0.0,0,0.0,0,0.0,0,0.0,0,0.0,0,0.0,0,0.0,0,0.0,0,0.0,0,0.0,0,0.0,0,0.0,0,0.0
pni002d,0,0.0,0,0.0,1558,100.0,0,0.0,0,0.0,0,0.0,0,0.0,0,0.0,0,0.0,0,0.0,0,0.0,0,0.0,0,0.0,0,0.0,0,0.0,0,0.0,0,0.0,0,0.0,0,0.0,0,0.0,0,0.0,0,0.0,0,0.0,0,0.0
pni003,226,14.505776636713735,0,0.0,1332,85.49422336328625,78,5.006418485237484,0,0.0,148,9.499358151476251,0,0.0,0,0.0,0,0.0,0,0.0,0,0.0,0,0.0,0,0.0,0,0.0,0,0.0,0,0.0,0,0.0,0,0.0,0,0.0,0,0.0,0,0.0,0,0.0,0,0.0,0,0.0
pni004,148,9.499358151476251,93,5.969191270860077,1410,90.50064184852374,0,0.0,17,1.0911424903722722,28,1.797175866495507,27,1.7329910141206675,76,4.878048780487805,0,0.0,0,0.0,0,0.0,0,0.0,0,0.0,0,0.0,0,0.0,0,0.0,0,0.0,0,0.0,0,0.0,0,0.0,0,0.0,0,0.0,0,0.0,0,0.0
pni005,131,8.408215661103979,78,5.006418485237484,1427,91.59178433889602,0,0.0,32,2.053915275994865,30,1.9255455712451863,18,1.1553273427471118,7,0.4492939666238768,17,1.0911424903722722,7,0.4492939666238768,5,0.3209242618741977,0,0.0,0,0.0,7,0.4492939666238768,1,0.06418485237483953,3,0.19255455712451863,0,0.0,0,0.0,0,0.0,0,0.0,0,0.0,0,0.0,4,0.25673940949935814,0,0.0
pni006,0,0.0,0,0.0,1558,100.0,0,0.0,0,0.0,0,0.0,0,0.0,0,0.0,0,0.0,0,0.0,0,0.0,0,0.0,0,0.0,0,0.0,0,0.0,0,0.0,0,0.0,0,0.0,0,0.0,0,0.0,0,0.0,0,0.0,0,0.0,0,0.0
pni007,0,0.0,0,0.0,1558,100.0,0,0.0,0,0.0,0,0.0,0,0.0,0,0.0,0,0.0,0,0.0,0,0.0,0,0.0,0,0.0,0,0.0,0,0.0,0,0.0,0,0.0,0,0.0,0,0.0,0,0.0,0,0.0,0,0.0,0,0.0,0,0.0
pni008,148,9.499358151476251,0,0.0,1410,90.50064184852374,84,5.391527599486521,0,0.0,64,4.10783055198973,0,0.0,0,0.0,0,0.0,0,0.0,0,0.0,0,0.0,0,0.0,0,0.0,0,0.0,0,0.0,0,0.0,0,0.0,0,0.0,0,0.0,0,0.0,0,0.0,0,0.0,0,0.0
pni009,148,9.499358151476251,0,0.0,1410,90.50064184852374,65,4.17201540436457,0,0.0,83,5.327342747111682,0,0.0,0,0.0,0,0.0,0,0.0,0,0.0,0,0.0,0,0.0,0,0.0,0,0.0,0,0.0,0,0.0,0,0.0,0,0.0,0,0.0,0,0.0,0,0.0,0,0.0,0,0.0
pni009a,83,5.327342747111682,0,0.0,1475,94.67265725288831,25,1.6046213093709885,0,0.0,58,3.7227214377406934,0,0.0,0,0.0,0,0.0,0,0.0,0,0.0,0,0.0,0,0.0,0,0.0,0,0.0,0,0.0,0,0.0,0,0.0,0,0.0,0,0.0,0,0.0,0,0.0,0,0.0,0,0.0
pni009b,65,4.17201540436457,0,0.0,1493,95.82798459563543,45,2.8883183568677793,0,0.0,20,1.2836970474967908,0,0.0,0,0.0,0,0.0,0,0.0,0,0.0,0,0.0,0,0.0,0,0.0,0,0.0,0,0.0,0,0.0,0,0.0,0,0.0,0,0.0,0,0.0,0,0.0,0,0.0,0,0.0
pni010,148,9.499358151476251,0,0.0,1410,90.50064184852374,128,8.21566110397946,0,0.0,20,1.2836970474967908,0,0.0,0,0.0,0,0.0,0,0.0,0,0.0,0,0.0,0,0.0,0,0.0,0,0.0,0,0.0,0,0.0,0,0.0,0,0.0,0,0.0,0,0.0,0,0.0,0,0.0,0,0.0
pni011,148,9.499358151476251,0,0.0,1410,90.50064184852374,129,8.2798459563543,0,0.0,19,1.2195121951219512,0,0.0,0,0.0,0,0.0,0,0.0,0,0.0,0,0.0,0,0.0,0,0.0,0,0.0,0,0.0,0,0.0,0,0.0,0,0.0,0,0.0,0,0.0,0,0.0,0,0.0,0,0.0
pni012,0,0.0,0,0.0,1558,100.0,0,0.0,0,0.0,0,0.0,0,0.0,0,0.0,0,0.0,0,0.0,0,0.0,0,0.0,0,0.0,0,0.0,0,0.0,0,0.0,0,0.0,0,0.0,0,0.0,0,0.0,0,0.0,0,0.0,0,0.0,0,0.0
pni013,148,9.499358151476251,0,0.0,1410,90.50064184852374,92,5.905006418485238,0,0.0,56,3.594351732991014,0,0.0,0,0.0,0,0.0,0,0.0,0,0.0,0,0.0,0,0.0,0,0.0,0,0.0,0,0.0,0,0.0,0,0.0,0,0.0,0,0.0,0,0.0,0,0.0,0,0.0,0,0.0
pni013a,92,5.905006418485238,0,0.0,1466,94.09499358151476,91,5.840821566110398,0,0.0,1,0.06418485237483953,0,0.0,0,0.0,0,0.0,0,0.0,0,0.0,0,0.0,0,0.0,0,0.0,0,0.0,0,0.0,0,0.0,0,0.0,0,0.0,0,0.0,0,0.0,0,0.0,0,0.0,0,0.0
pni014,148,9.499358151476251,0,0.0,1410,90.50064184852374,138,8.857509627727858,0,0.0,10,0.6418485237483954,0,0.0,0,0.0,0,0.0,0,0.0,0,0.0,0,0.0,0,0.0,0,0.0,0,0.0,0,0.0,0,0.0,0,0.0,0,0.0,0,0.0,0,0.0,0,0.0,0,0.0,0,0.0
pni015,148,9.499358151476251,0,0.0,1410,90.50064184852374,125,8.023106546854942,0,0.0,23,1.4762516046213094,0,0.0,0,0.0,0,0.0,0,0.0,0,0.0,0,0.0,0,0.0,0,0.0,0,0.0,0,0.0,0,0.0,0,0.0,0,0.0,0,0.0,0,0.0,0,0.0,0,0.0,0,0.0
pni015a,23,1.4762516046213094,0,0.0,1535,98.52374839537869,9,0.5776636713735559,0,0.0,14,0.8985879332477535,0,0.0,0,0.0,0,0.0,0,0.0,0,0.0,0,0.0,0,0.0,0,0.0,0,0.0,0,0.0,0,0.0,0,0.0,0,0.0,0,0.0,0,0.0,0,0.0,0,0.0,0,0.0
pni016,148,9.499358151476251,0,0.0,1410,90.50064184852374,135,8.664955070603337,0,0.0,13,0.8344030808729139,0,0.0,0,0.0,0,0.0,0,0.0,0,0.0,0,0.0,0,0.0,0,0.0,0,0.0,0,0.0,0,0.0,0,0.0,0,0.0,0,0.0,0,0.0,0,0.0,0,0.0,0,0.0
pni016a,13,0.8344030808729139,0,0.0,1545,99.16559691912708,3,0.19255455712451863,0,0.0,10,0.6418485237483954,0,0.0,0,0.0,0,0.0,0,0.0,0,0.0,0,0.0,0,0.0,0,0.0,0,0.0,0,0.0,0,0.0,0,0.0,0,0.0,0,0.0,0,0.0,0,0.0,0,0.0,0,0.0
pni017,148,9.499358151476251,0,0.0,1410,90.50064184852374,145,9.306803594351733,0,0.0,3,0.19255455712451863,0,0.0,0,0.0,0,0.0,0,0.0,0,0.0,0,0.0,0,0.0,0,0.0,0,0.0,0,0.0,0,0.0,0,0.0,0,0.0,0,0.0,0,0.0,0,0.0,0,0.0,0,0.0
pni017a,3,0.19255455712451863,0,0.0,1555,99.80744544287549,0,0.0,0,0.0,3,0.19255455712451863,0,0.0,0,0.0,0,0.0,0,0.0,0,0.0,0,0.0,0,0.0,0,0.0,0,0.0,0,0.0,0,0.0,0,0.0,0,0.0,0,0.0,0,0.0,0,0.0,0,0.0,0,0.0
pni017b,3,0.19255455712451863,0,0.0,1555,99.80744544287549,1,0.06418485237483953,0,0.0,2,0.12836970474967907,0,0.0,0,0.0,0,0.0,0,0.0,0,0.0,0,0.0,0,0.0,0,0.0,0,0.0,0,0.0,0,0.0,0,0.0,0,0.0,0,0.0,0,0.0,0,0.0,0,0.0,0,0.0
pni017c,3,0.19255455712451863,0,0.0,1555,99.80744544287549,3,0.19255455712451863,0,0.0,0,0.0,0,0.0,0,0.0,0,0.0,0,0.0,0,0.0,0,0.0,0,0.0,0,0.0,0,0.0,0,0.0,0,0.0,0,0.0,0,0.0,0,0.0,0,0.0,0,0.0,0,0.0,0,0.0
pni017d,3,0.19255455712451863,0,0.0,1555,99.80744544287549,0,0.0,0,0.0,3,0.19255455712451863,0,0.0,0,0.0,0,0.0,0,0.0,0,0.0,0,0.0,0,0.0,0,0.0,0,0.0,0,0.0,0,0.0,0,0.0,0,0.0,0,0.0,0,0.0,0,0.0,0,0.0,0,0.0
pni017e,3,0.19255455712451863,0,0.0,1555,99.80744544287549,1,0.06418485237483953,0,0.0,2,0.12836970474967907,0,0.0,0,0.0,0,0.0,0,0.0,0,0.0,0,0.0,0,0.0,0,0.0,0,0.0,0,0.0,0,0.0,0,0.0,0,0.0,0,0.0,0,0.0,0,0.0,0,0.0,0,0.0
pni017f,3,0.19255455712451863,0,0.0,1555,99.80744544287549,1,0.06418485237483953,0,0.0,2,0.12836970474967907,0,0.0,0,0.0,0,0.0,0,0.0,0,0.0,0,0.0,0,0.0,0,0.0,0,0.0,0,0.0,0,0.0,0,0.0,0,0.0,0,0.0,0,0.0,0,0.0,0,0.0,0,0.0
pni017g,3,0.19255455712451863,0,0.0,1555,99.80744544287549,2,0.12836970474967907,0,0.0,1,0.06418485237483953,0,0.0,0,0.0,0,0.0,0,0.0,0,0.0,0,0.0,0,0.0,0,0.0,0,0.0,0,0.0,0,0.0,0,0.0,0,0.0,0,0.0,0,0.0,0,0.0,0,0.0,0,0.0
pni017h,3,0.19255455712451863,0,0.0,1555,99.80744544287549,2,0.12836970474967907,0,0.0,1,0.06418485237483953,0,0.0,0,0.0,0,0.0,0,0.0,0,0.0,0,0.0,0,0.0,0,0.0,0,0.0,0,0.0,0,0.0,0,0.0,0,0.0,0,0.0,0,0.0,0,0.0,0,0.0,0,0.0
pni017i,2,0.12836970474967907,0,0.0,1556,99.87163029525033,1,0.06418485237483953,0,0.0,1,0.06418485237483953,0,0.0,0,0.0,0,0.0,0,0.0,0,0.0,0,0.0,0,0.0,0,0.0,0,0.0,0,0.0,0,0.0,0,0.0,0,0.0,0,0.0,0,0.0,0,0.0,0,0.0,0,0.0
pni017j,3,0.19255455712451863,0,0.0,1555,99.80744544287549,2,0.12836970474967907,0,0.0,1,0.06418485237483953,0,0.0,0,0.0,0,0.0,0,0.0,0,0.0,0,0.0,0,0.0,0,0.0,0,0.0,0,0.0,0,0.0,0,0.0,0,0.0,0,0.0,0,0.0,0,0.0,0,0.0,0,0.0
pni017k,3,0.19255455712451863,0,0.0,1555,99.80744544287549,3,0.19255455712451863,0,0.0,0,0.0,0,0.0,0,0.0,0,0.0,0,0.0,0,0.0,0,0.0,0,0.0,0,0.0,0,0.0,0,0.0,0,0.0,0,0.0,0,0.0,0,0.0,0,0.0,0,0.0,0,0.0,0,0.0
pni018,145,9.306803594351733,0,0.0,1413,90.69319640564827,135,8.664955070603337,0,0.0,10,0.6418485237483954,0,0.0,0,0.0,0,0.0,0,0.0,0,0.0,0,0.0,0,0.0,0,0.0,0,0.0,0,0.0,0,0.0,0,0.0,0,0.0,0,0.0,0,0.0,0,0.0,0,0.0,0,0.0
pni019y,53,3.4017971758664958,52,3.3376123234916557,1505,96.59820282413351,0,0.0,0,0.0,0,0.0,0,0.0,0,0.0,0,0.0,0,0.0,0,0.0,0,0.0,1,0.06418485237483953,0,0.0,4,0.25673940949935814,2,0.12836970474967907,3,0.19255455712451863,7,0.4492939666238768,11,0.7060333761232349,13,0.8344030808729139,10,0.6418485237483954,2,0.12836970474967907,0,0.0,0,0.0
pni019z,0,0.0,0,0.0,1558,100.0,0,0.0,0,0.0,0,0.0,0,0.0,0,0.0,0,0.0,0,0.0,0,0.0,0,0.0,0,0.0,0,0.0,0,0.0,0,0.0,0,0.0,0,0.0,0,0.0,0,0.0,0,0.0,0,0.0,0,0.0,0,0.0
pni019a,19,1.2195121951219512,0,0.0,1539,98.78048780487805,9,0.5776636713735559,0,0.0,10,0.6418485237483954,0,0.0,0,0.0,0,0.0,0,0.0,0,0.0,0,0.0,0,0.0,0,0.0,0,0.0,0,0.0,0,0.0,0,0.0,0,0.0,0,0.0,0,0.0,0,0.0,0,0.0,0,0.0
pni019b,28,1.797175866495507,0,0.0,1530,98.20282413350449,18,1.1553273427471118,0,0.0,10,0.6418485237483954,0,0.0,0,0.0,0,0.0,0,0.0,0,0.0,0,0.0,0,0.0,0,0.0,0,0.0,0,0.0,0,0.0,0,0.0,0,0.0,0,0.0,0,0.0,0,0.0,0,0.0,0,0.0
pni019c,10,0.6418485237483954,0,0.0,1548,99.3581514762516,5,0.3209242618741977,0,0.0,5,0.3209242618741977,0,0.0,0,0.0,0,0.0,0,0.0,0,0.0,0,0.0,0,0.0,0,0.0,0,0.0,0,0.0,0,0.0,0,0.0,0,0.0,0,0.0,0,0.0,0,0.0,0,0.0,0,0.0
pni019dy,5,0.3209242618741977,4,0.25673940949935814,1553,99.6790757381258,0,0.0,0,0.0,0,0.0,0,0.0,0,0.0,0,0.0,0,0.0,0,0.0,0,0.0,1,0.06418485237483953,0,0.0,1,0.06418485237483953,1,0.06418485237483953,0,0.0,1,0.06418485237483953,1,0.06418485237483953,0,0.0,0,0.0,0,0.0,0,0.0,0,0.0
pni019dz,0,0.0,0,0.0,1558,100.0,0,0.0,0,0.0,0,0.0,0,0.0,0,0.0,0,0.0,0,0.0,0,0.0,0,0.0,0,0.0,0,0.0,0,0.0,0,0.0,0,0.0,0,0.0,0,0.0,0,0.0,0,0.0,0,0.0,0,0.0,0,0.0
pni019e,1,0.06418485237483953,0,0.0,1557,99.93581514762516,0,0.0,0,0.0,1,0.06418485237483953,0,0.0,0,0.0,0,0.0,0,0.0,0,0.0,0,0.0,0,0.0,0,0.0,0,0.0,0,0.0,0,0.0,0,0.0,0,0.0,0,0.0,0,0.0,0,0.0,0,0.0,0,0.0
pni020,53,3.4017971758664958,1,0.06418485237483953,1505,96.59820282413351,29,1.8613607188703467,1,0.06418485237483953,23,1.4762516046213094,0,0.0,0,0.0,0,0.0,0,0.0,0,0.0,0,0.0,0,0.0,0,0.0,0,0.0,0,0.0,0,0.0,0,0.0,0,0.0,0,0.0,0,0.0,0,0.0,0,0.0,0,0.0
pni020a,24,1.540436456996149,6,0.38510911424903727,1534,98.45956354300385,0,0.0,6,0.38510911424903727,9,0.5776636713735559,9,0.5776636713735559,0,0.0,0,0.0,0,0.0,0,0.0,0,0.0,0,0.0,0,0.0,0,0.0,0,0.0,0,0.0,0,0.0,0,0.0,0,0.0,0,0.0,0,0.0,0,0.0,0,0.0
pni021,53,3.4017971758664958,0,0.0,1505,96.59820282413351,51,3.2734274711168165,0,0.0,2,0.12836970474967907,0,0.0,0,0.0,0,0.0,0,0.0,0,0.0,0,0.0,0,0.0,0,0.0,0,0.0,0,0.0,0,0.0,0,0.0,0,0.0,0,0.0,0,0.0,0,0.0,0,0.0,0,0.0
pni021a,2,0.12836970474967907,0,0.0,1556,99.87163029525033,0,0.0,0,0.0,2,0.12836970474967907,0,0.0,0,0.0,0,0.0,0,0.0,0,0.0,0,0.0,0,0.0,0,0.0,0,0.0,0,0.0,0,0.0,0,0.0,0,0.0,0,0.0,0,0.0,0,0.0,0,0.0,0,0.0
pni022,53,3.4017971758664958,0,0.0,1505,96.59820282413351,53,3.4017971758664958,0,0.0,0,0.0,0,0.0,0,0.0,0,0.0,0,0.0,0,0.0,0,0.0,0,0.0,0,0.0,0,0.0,0,0.0,0,0.0,0,0.0,0,0.0,0,0.0,0,0.0,0,0.0,0,0.0,0,0.0
pni022a,0,0.0,0,0.0,1558,100.0,0,0.0,0,0.0,0,0.0,0,0.0,0,0.0,0,0.0,0,0.0,0,0.0,0,0.0,0,0.0,0,0.0,0,0.0,0,0.0,0,0.0,0,0.0,0,0.0,0,0.0,0,0.0,0,0.0,0,0.0,0,0.0
pni023,53,3.4017971758664958,1,0.06418485237483953,1505,96.59820282413351,52,3.3376123234916557,1,0.06418485237483953,0,0.0,0,0.0,0,0.0,0,0.0,0,0.0,0,0.0,0,0.0,0,0.0,0,0.0,0,0.0,0,0.0,0,0.0,0,0.0,0,0.0,0,0.0,0,0.0,0,0.0,0,0.0,0,0.0
pni023a,1,0.06418485237483953,1,0.06418485237483953,1557,99.93581514762516,0,0.0,1,0.06418485237483953,0,0.0,0,0.0,0,0.0,0,0.0,0,0.0,0,0.0,0,0.0,0,0.0,0,0.0,0,0.0,0,0.0,0,0.0,0,0.0,0,0.0,0,0.0,0,0.0,0,0.0,0,0.0,0,0.0
pni024,53,3.4017971758664958,0,0.0,1505,96.59820282413351,51,3.2734274711168165,0,0.0,2,0.12836970474967907,0,0.0,0,0.0,0,0.0,0,0.0,0,0.0,0,0.0,0,0.0,0,0.0,0,0.0,0,0.0,0,0.0,0,0.0,0,0.0,0,0.0,0,0.0,0,0.0,0,0.0,0,0.0
pni024a,2,0.12836970474967907,1,0.06418485237483953,1556,99.87163029525033,0,0.0,1,0.06418485237483953,1,0.06418485237483953,0,0.0,0,0.0,0,0.0,0,0.0,0,0.0,0,0.0,0,0.0,0,0.0,0,0.0,0,0.0,0,0.0,0,0.0,0,0.0,0,0.0,0,0.0,0,0.0,0,0.0,0,0.0
pni025,53,3.4017971758664958,0,0.0,1505,96.59820282413351,50,3.209242618741977,0,0.0,3,0.19255455712451863,0,0.0,0,0.0,0,0.0,0,0.0,0,0.0,0,0.0,0,0.0,0,0.0,0,0.0,0,0.0,0,0.0,0,0.0,0,0.0,0,0.0,0,0.0,0,0.0,0,0.0,0,0.0
pni025a,3,0.19255455712451863,1,0.06418485237483953,1555,99.80744544287549,0,0.0,1,0.06418485237483953,1,0.06418485237483953,1,0.06418485237483953,0,0.0,0,0.0,0,0.0,0,0.0,0,0.0,0,0.0,0,0.0,0,0.0,0,0.0,0,0.0,0,0.0,0,0.0,0,0.0,0,0.0,0,0.0,0,0.0,0,0.0
pni026,53,3.4017971758664958,0,0.0,1505,96.59820282413351,53,3.4017971758664958,0,0.0,0,0.0,0,0.0,0,0.0,0,0.0,0,0.0,0,0.0,0,0.0,0,0.0,0,0.0,0,0.0,0,0.0,0,0.0,0,0.0,0,0.0,0,0.0,0,0.0,0,0.0,0,0.0,0,0.0
pni026a,53,3.4017971758664958,0,0.0,1505,96.59820282413351,53,3.4017971758664958,0,0.0,0,0.0,0,0.0,0,0.0,0,0.0,0,0.0,0,0.0,0,0.0,0,0.0,0,0.0,0,0.0,0,0.0,0,0.0,0,0.0,0,0.0,0,0.0,0,0.0,0,0.0,0,0.0,0,0.0
pni027,0,0.0,0,0.0,1558,100.0,0,0.0,0,0.0,0,0.0,0,0.0,0,0.0,0,0.0,0,0.0,0,0.0,0,0.0,0,0.0,0,0.0,0,0.0,0,0.0,0,0.0,0,0.0,0,0.0,0,0.0,0,0.0,0,0.0,0,0.0,0,0.0
pni028,251,16.110397946084724,0,0.0,1307,83.88960205391528,175,11.232349165596919,0,0.0,76,4.878048780487805,0,0.0,0,0.0,0,0.0,0,0.0,0,0.0,0,0.0,0,0.0,0,0.0,0,0.0,0,0.0,0,0.0,0,0.0,0,0.0,0,0.0,0,0.0,0,0.0,0,0.0,0,0.0
pni029,76,4.878048780487805,0,0.0,1482,95.1219512195122,27,1.7329910141206675,0,0.0,49,3.1450577663671373,0,0.0,0,0.0,0,0.0,0,0.0,0,0.0,0,0.0,0,0.0,0,0.0,0,0.0,0,0.0,0,0.0,0,0.0,0,0.0,0,0.0,0,0.0,0,0.0,0,0.0,0,0.0
pni030,76,4.878048780487805,0,0.0,1482,95.1219512195122,67,4.3003851091142495,0,0.0,9,0.5776636713735559,0,0.0,0,0.0,0,0.0,0,0.0,0,0.0,0,0.0,0,0.0,0,0.0,0,0.0,0,0.0,0,0.0,0,0.0,0,0.0,0,0.0,0,0.0,0,0.0,0,0.0,0,0.0
pni031,76,4.878048780487805,0,0.0,1482,95.1219512195122,71,4.557124518613607,0,0.0,5,0.3209242618741977,0,0.0,0,0.0,0,0.0,0,0.0,0,0.0,0,0.0,0,0.0,0,0.0,0,0.0,0,0.0,0,0.0,0,0.0,0,0.0,0,0.0,0,0.0,0,0.0,0,0.0,0,0.0
pni031a,71,4.557124518613607,0,0.0,1487,95.4428754813864,70,4.492939666238768,0,0.0,1,0.06418485237483953,0,0.0,0,0.0,0,0.0,0,0.0,0,0.0,0,0.0,0,0.0,0,0.0,0,0.0,0,0.0,0,0.0,0,0.0,0,0.0,0,0.0,0,0.0,0,0.0,0,0.0,0,0.0
pni032,76,4.878048780487805,0,0.0,1482,95.1219512195122,67,4.3003851091142495,0,0.0,9,0.5776636713735559,0,0.0,0,0.0,0,0.0,0,0.0,0,0.0,0,0.0,0,0.0,0,0.0,0,0.0,0,0.0,0,0.0,0,0.0,0,0.0,0,0.0,0,0.0,0,0.0,0,0.0,0,0.0
pni032a,67,4.3003851091142495,0,0.0,1491,95.69961489088575,41,2.631578947368421,0,0.0,26,1.6688061617458279,0,0.0,0,0.0,0,0.0,0,0.0,0,0.0,0,0.0,0,0.0,0,0.0,0,0.0,0,0.0,0,0.0,0,0.0,0,0.0,0,0.0,0,0.0,0,0.0,0,0.0,0,0.0
pni033,76,4.878048780487805,0,0.0,1482,95.1219512195122,66,4.2362002567394095,0,0.0,10,0.6418485237483954,0,0.0,0,0.0,0,0.0,0,0.0,0,0.0,0,0.0,0,0.0,0,0.0,0,0.0,0,0.0,0,0.0,0,0.0,0,0.0,0,0.0,0,0.0,0,0.0,0,0.0,0,0.0
pni034,76,4.878048780487805,0,0.0,1482,95.1219512195122,74,4.7496790757381255,0,0.0,2,0.12836970474967907,0,0.0,0,0.0,0,0.0,0,0.0,0,0.0,0,0.0,0,0.0,0,0.0,0,0.0,0,0.0,0,0.0,0,0.0,0,0.0,0,0.0,0,0.0,0,0.0,0,0.0,0,0.0
pni035,76,4.878048780487805,0,0.0,1482,95.1219512195122,72,4.621309370988447,0,0.0,4,0.25673940949935814,0,0.0,0,0.0,0,0.0,0,0.0,0,0.0,0,0.0,0,0.0,0,0.0,0,0.0,0,0.0,0,0.0,0,0.0,0,0.0,0,0.0,0,0.0,0,0.0,0,0.0,0,0.0
pni036y,16,1.0269576379974326,15,0.9627727856225932,1542,98.97304236200257,0,0.0,0,0.0,0,0.0,0,0.0,0,0.0,0,0.0,0,0.0,0,0.0,0,0.0,0,0.0,0,0.0,0,0.0,2,0.12836970474967907,1,0.06418485237483953,4,0.25673940949935814,2,0.12836970474967907,4,0.25673940949935814,1,0.06418485237483953,1,0.06418485237483953,0,0.0,1,0.06418485237483953
pni036z,1,0.06418485237483953,0,0.0,1557,99.93581514762516,0,0.0,0,0.0,0,0.0,0,0.0,0,0.0,0,0.0,0,0.0,0,0.0,0,0.0,0,0.0,0,0.0,0,0.0,0,0.0,0,0.0,0,0.0,0,0.0,0,0.0,0,0.0,0,0.0,0,0.0,1,0.06418485237483953
pni037y,16,1.0269576379974326,15,0.9627727856225932,1542,98.97304236200257,0,0.0,0,0.0,0,0.0,0,0.0,0,0.0,0,0.0,0,0.0,0,0.0,0,0.0,0,0.0,0,0.0,0,0.0,1,0.06418485237483953,0,0.0,3,0.19255455712451863,2,0.12836970474967907,3,0.19255455712451863,4,0.25673940949935814,2,0.12836970474967907,0,0.0,1,0.06418485237483953
pni037z,1,0.06418485237483953,0,0.0,1557,99.93581514762516,0,0.0,0,0.0,0,0.0,0,0.0,0,0.0,0,0.0,0,0.0,0,0.0,0,0.0,0,0.0,0,0.0,0,0.0,0,0.0,0,0.0,0,0.0,0,0.0,0,0.0,0,0.0,0,0.0,0,0.0,1,0.06418485237483953
pni038,16,1.0269576379974326,0,0.0,1542,98.97304236200257,16,1.0269576379974326,0,0.0,0,0.0,0,0.0,0,0.0,0,0.0,0,0.0,0,0.0,0,0.0,0,0.0,0,0.0,0,0.0,0,0.0,0,0.0,0,0.0,0,0.0,0,0.0,0,0.0,0,0.0,0,0.0,0,0.0
pni039,16,1.0269576379974326,0,0.0,1542,98.97304236200257,16,1.0269576379974326,0,0.0,0,0.0,0,0.0,0,0.0,0,0.0,0,0.0,0,0.0,0,0.0,0,0.0,0,0.0,0,0.0,0,0.0,0,0.0,0,0.0,0,0.0,0,0.0,0,0.0,0,0.0,0,0.0,0,0.0
pni040,16,1.0269576379974326,0,0.0,1542,98.97304236200257,16,1.0269576379974326,0,0.0,0,0.0,0,0.0,0,0.0,0,0.0,0,0.0,0,0.0,0,0.0,0,0.0,0,0.0,0,0.0,0,0.0,0,0.0,0,0.0,0,0.0,0,0.0,0,0.0,0,0.0,0,0.0,0,0.0
pni041,8,0.5134788189987163,0,0.0,1550,99.48652118100128,6,0.38510911424903727,0,0.0,2,0.12836970474967907,0,0.0,0,0.0,0,0.0,0,0.0,0,0.0,0,0.0,0,0.0,0,0.0,0,0.0,0,0.0,0,0.0,0,0.0,0,0.0,0,0.0,0,0.0,0,0.0,0,0.0,0,0.0
