question,cnt_non_nan,pct_non_nan,cnt_non_standard,pct_non_standard,cnt_nan,pct_nan,cnt_0_NO,pct_0_NO,cnt_1,pct_1,cnt_2_SI,pct_2_SI,cnt_3_AV/A,pct_3_AV/A,cnt_4,pct_4,cnt_5,pct_5,cnt_6,pct_6,cnt_7_NR,pct_7_NR,cnt_8_NA,pct_8_NA,cnt_9_NS,pct_9_NS,cnt_10,pct_10,cnt_11,pct_11,cnt_12,pct_12,cnt_13,pct_13,cnt_14,pct_14,cnt_15,pct_15,cnt_16,pct_16,cnt_17,pct_17,cnt_18,pct_18,cnt_66,pct_66,cnt_88_NA,pct_88_NA,cnt_99_NS,pct_99_NS
pod001,1556,99.87163029525033,0,0.0,2,0.12836970474967907,969,62.19512195121951,0,0.0,585,37.548138639281134,0,0.0,0,0.0,0,0.0,0,0.0,0,0.0,0,0.0,2,0.12836970474967907,0,0.0,0,0.0,0,0.0,0,0.0,0,0.0,0,0.0,0,0.0,0,0.0,0,0.0,0,0.0,0,0.0,0,0.0
pod001a,585,37.548138639281134,0,0.0,973,62.45186136071887,294,18.870346598202826,0,0.0,291,18.677792041078305,0,0.0,0,0.0,0,0.0,0,0.0,0,0.0,0,0.0,0,0.0,0,0.0,0,0.0,0,0.0,0,0.0,0,0.0,0,0.0,0,0.0,0,0.0,0,0.0,0,0.0,0,0.0,0,0.0
pod001b,291,18.677792041078305,0,0.0,1267,81.3222079589217,135,8.664955070603337,0,0.0,155,9.948652118100128,0,0.0,0,0.0,0,0.0,0,0.0,0,0.0,0,0.0,1,0.06418485237483953,0,0.0,0,0.0,0,0.0,0,0.0,0,0.0,0,0.0,0,0.0,0,0.0,0,0.0,0,0.0,0,0.0,0,0.0
pod001c,291,18.677792041078305,159,10.205391527599486,1267,81.3222079589217,1,0.06418485237483953,159,10.205391527599486,88,5.648267008985879,42,2.6957637997432604,0,0.0,0,0.0,0,0.0,0,0.0,0,0.0,1,0.06418485237483953,0,0.0,0,0.0,0,0.0,0,0.0,0,0.0,0,0.0,0,0.0,0,0.0,0,0.0,0,0.0,0,0.0,0,0.0
pod001d,291,18.677792041078305,0,0.0,1267,81.3222079589217,113,7.2528883183568675,0,0.0,178,11.424903722721439,0,0.0,0,0.0,0,0.0,0,0.0,0,0.0,0,0.0,0,0.0,0,0.0,0,0.0,0,0.0,0,0.0,0,0.0,0,0.0,0,0.0,0,0.0,0,0.0,0,0.0,0,0.0,0,0.0
pod002,1556,99.87163029525033,0,0.0,2,0.12836970474967907,685,43.966623876765084,0,0.0,868,55.71245186136073,0,0.0,0,0.0,0,0.0,0,0.0,0,0.0,0,0.0,3,0.19255455712451863,0,0.0,0,0.0,0,0.0,0,0.0,0,0.0,0,0.0,0,0.0,0,0.0,0,0.0,0,0.0,0,0.0,0,0.0
pod002a,868,55.71245186136073,0,0.0,690,44.28754813863928,398,25.54557124518614,0,0.0,470,30.166880616174584,0,0.0,0,0.0,0,0.0,0,0.0,0,0.0,0,0.0,0,0.0,0,0.0,0,0.0,0,0.0,0,0.0,0,0.0,0,0.0,0,0.0,0,0.0,0,0.0,0,0.0,0,0.0,0,0.0
pod002b,470,30.166880616174584,0,0.0,1088,69.83311938382542,205,13.157894736842104,0,0.0,265,17.008985879332478,0,0.0,0,0.0,0,0.0,0,0.0,0,0.0,0,0.0,0,0.0,0,0.0,0,0.0,0,0.0,0,0.0,0,0.0,0,0.0,0,0.0,0,0.0,0,0.0,0,0.0,0,0.0,0,0.0
pod002c,470,30.166880616174584,248,15.917843388960208,1088,69.83311938382542,0,0.0,248,15.917843388960208,146,9.370988446726573,76,4.878048780487805,0,0.0,0,0.0,0,0.0,0,0.0,0,0.0,0,0.0,0,0.0,0,0.0,0,0.0,0,0.0,0,0.0,0,0.0,0,0.0,0,0.0,0,0.0,0,0.0,0,0.0,0,0.0
pod002d,470,30.166880616174584,0,0.0,1088,69.83311938382542,120,7.702182284980745,0,0.0,350,22.464698331193837,0,0.0,0,0.0,0,0.0,0,0.0,0,0.0,0,0.0,0,0.0,0,0.0,0,0.0,0,0.0,0,0.0,0,0.0,0,0.0,0,0.0,0,0.0,0,0.0,0,0.0,0,0.0,0,0.0
pod003,1556,99.87163029525033,0,0.0,2,0.12836970474967907,1097,70.41078305519898,0,0.0,457,29.33247753530167,0,0.0,0,0.0,0,0.0,0,0.0,0,0.0,0,0.0,2,0.12836970474967907,0,0.0,0,0.0,0,0.0,0,0.0,0,0.0,0,0.0,0,0.0,0,0.0,0,0.0,0,0.0,0,0.0,0,0.0
pod003a,457,29.33247753530167,0,0.0,1101,70.66752246469832,209,13.414634146341465,0,0.0,248,15.917843388960208,0,0.0,0,0.0,0,0.0,0,0.0,0,0.0,0,0.0,0,0.0,0,0.0,0,0.0,0,0.0,0,0.0,0,0.0,0,0.0,0,0.0,0,0.0,0,0.0,0,0.0,0,0.0,0,0.0
pod003b,248,15.917843388960208,0,0.0,1310,84.08215661103979,113,7.2528883183568675,0,0.0,135,8.664955070603337,0,0.0,0,0.0,0,0.0,0,0.0,0,0.0,0,0.0,0,0.0,0,0.0,0,0.0,0,0.0,0,0.0,0,0.0,0,0.0,0,0.0,0,0.0,0,0.0,0,0.0,0,0.0,0,0.0
pod003c,248,15.917843388960208,86,5.5198973042362,1310,84.08215661103979,62,3.979460847240052,86,5.5198973042362,55,3.530166880616174,45,2.8883183568677793,0,0.0,0,0.0,0,0.0,0,0.0,0,0.0,0,0.0,0,0.0,0,0.0,0,0.0,0,0.0,0,0.0,0,0.0,0,0.0,0,0.0,0,0.0,0,0.0,0,0.0,0,0.0
pod003d,248,15.917843388960208,0,0.0,1310,84.08215661103979,79,5.070603337612323,0,0.0,169,10.847240051347882,0,0.0,0,0.0,0,0.0,0,0.0,0,0.0,0,0.0,0,0.0,0,0.0,0,0.0,0,0.0,0,0.0,0,0.0,0,0.0,0,0.0,0,0.0,0,0.0,0,0.0,0,0.0,0,0.0
pod004,1556,99.87163029525033,0,0.0,2,0.12836970474967907,935,60.01283697047497,0,0.0,619,39.730423620025675,0,0.0,0,0.0,0,0.0,0,0.0,0,0.0,0,0.0,2,0.12836970474967907,0,0.0,0,0.0,0,0.0,0,0.0,0,0.0,0,0.0,0,0.0,0,0.0,0,0.0,0,0.0,0,0.0,0,0.0
pod004a,619,39.730423620025675,0,0.0,939,60.269576379974325,242,15.532734274711169,0,0.0,377,24.197689345314505,0,0.0,0,0.0,0,0.0,0,0.0,0,0.0,0,0.0,0,0.0,0,0.0,0,0.0,0,0.0,0,0.0,0,0.0,0,0.0,0,0.0,0,0.0,0,0.0,0,0.0,0,0.0,0,0.0
pod004b,377,24.197689345314505,0,0.0,1181,75.80231065468548,166,10.654685494223363,0,0.0,211,13.543003851091143,0,0.0,0,0.0,0,0.0,0,0.0,0,0.0,0,0.0,0,0.0,0,0.0,0,0.0,0,0.0,0,0.0,0,0.0,0,0.0,0,0.0,0,0.0,0,0.0,0,0.0,0,0.0,0,0.0
pod004c,377,24.197689345314505,131,8.408215661103979,1181,75.80231065468548,78,5.006418485237484,131,8.408215661103979,98,6.290115532734275,70,4.492939666238768,0,0.0,0,0.0,0,0.0,0,0.0,0,0.0,0,0.0,0,0.0,0,0.0,0,0.0,0,0.0,0,0.0,0,0.0,0,0.0,0,0.0,0,0.0,0,0.0,0,0.0,0,0.0
pod004d,377,24.197689345314505,0,0.0,1181,75.80231065468548,96,6.161745827984596,0,0.0,281,18.035943517329912,0,0.0,0,0.0,0,0.0,0,0.0,0,0.0,0,0.0,0,0.0,0,0.0,0,0.0,0,0.0,0,0.0,0,0.0,0,0.0,0,0.0,0,0.0,0,0.0,0,0.0,0,0.0,0,0.0
pod005,1556,99.87163029525033,0,0.0,2,0.12836970474967907,1183,75.93068035943517,0,0.0,371,23.812580231065468,0,0.0,0,0.0,0,0.0,0,0.0,0,0.0,0,0.0,2,0.12836970474967907,0,0.0,0,0.0,0,0.0,0,0.0,0,0.0,0,0.0,0,0.0,0,0.0,0,0.0,0,0.0,0,0.0,0,0.0
pod005a,274,17.58664955070603,0,0.0,1284,82.41335044929397,163,10.462130937098845,0,0.0,111,7.124518613607189,0,0.0,0,0.0,0,0.0,0,0.0,0,0.0,0,0.0,0,0.0,0,0.0,0,0.0,0,0.0,0,0.0,0,0.0,0,0.0,0,0.0,0,0.0,0,0.0,0,0.0,0,0.0,0,0.0
pod005b,111,7.124518613607189,0,0.0,1447,92.8754813863928,76,4.878048780487805,0,0.0,35,2.246469833119384,0,0.0,0,0.0,0,0.0,0,0.0,0,0.0,0,0.0,0,0.0,0,0.0,0,0.0,0,0.0,0,0.0,0,0.0,0,0.0,0,0.0,0,0.0,0,0.0,0,0.0,0,0.0,0,0.0
pod005c,295,18.934531450577662,0,0.0,1263,81.06546854942233,116,7.445442875481387,0,0.0,179,11.489088575096277,0,0.0,0,0.0,0,0.0,0,0.0,0,0.0,0,0.0,0,0.0,0,0.0,0,0.0,0,0.0,0,0.0,0,0.0,0,0.0,0,0.0,0,0.0,0,0.0,0,0.0,0,0.0,0,0.0
pod005d,179,11.489088575096277,0,0.0,1379,88.51091142490372,82,5.263157894736842,0,0.0,97,6.225930680359435,0,0.0,0,0.0,0,0.0,0,0.0,0,0.0,0,0.0,0,0.0,0,0.0,0,0.0,0,0.0,0,0.0,0,0.0,0,0.0,0,0.0,0,0.0,0,0.0,0,0.0,0,0.0,0,0.0
pod005e,179,11.489088575096277,84,5.391527599486521,1379,88.51091142490372,0,0.0,84,5.391527599486521,62,3.979460847240052,33,2.1181001283697047,0,0.0,0,0.0,0,0.0,0,0.0,0,0.0,0,0.0,0,0.0,0,0.0,0,0.0,0,0.0,0,0.0,0,0.0,0,0.0,0,0.0,0,0.0,0,0.0,0,0.0,0,0.0
pod005f,179,11.489088575096277,0,0.0,1379,88.51091142490372,42,2.6957637997432604,0,0.0,137,8.793324775353016,0,0.0,0,0.0,0,0.0,0,0.0,0,0.0,0,0.0,0,0.0,0,0.0,0,0.0,0,0.0,0,0.0,0,0.0,0,0.0,0,0.0,0,0.0,0,0.0,0,0.0,0,0.0,0,0.0
pod006,1556,99.87163029525033,0,0.0,2,0.12836970474967907,1160,74.45442875481386,0,0.0,394,25.288831835686775,0,0.0,0,0.0,0,0.0,0,0.0,0,0.0,0,0.0,2,0.12836970474967907,0,0.0,0,0.0,0,0.0,0,0.0,0,0.0,0,0.0,0,0.0,0,0.0,0,0.0,0,0.0,0,0.0,0,0.0
pod006a,281,18.035943517329912,0,0.0,1277,81.96405648267009,125,8.023106546854942,0,0.0,156,10.012836970474968,0,0.0,0,0.0,0,0.0,0,0.0,0,0.0,0,0.0,0,0.0,0,0.0,0,0.0,0,0.0,0,0.0,0,0.0,0,0.0,0,0.0,0,0.0,0,0.0,0,0.0,0,0.0,0,0.0
pod006b,156,10.012836970474968,0,0.0,1402,89.98716302952504,111,7.124518613607189,0,0.0,45,2.8883183568677793,0,0.0,0,0.0,0,0.0,0,0.0,0,0.0,0,0.0,0,0.0,0,0.0,0,0.0,0,0.0,0,0.0,0,0.0,0,0.0,0,0.0,0,0.0,0,0.0,0,0.0,0,0.0,0,0.0
pod006c,283,18.16431322207959,0,0.0,1275,81.83568677792042,157,10.077021822849808,0,0.0,126,8.087291399229782,0,0.0,0,0.0,0,0.0,0,0.0,0,0.0,0,0.0,0,0.0,0,0.0,0,0.0,0,0.0,0,0.0,0,0.0,0,0.0,0,0.0,0,0.0,0,0.0,0,0.0,0,0.0,0,0.0
pod006d,126,8.087291399229782,0,0.0,1432,91.91270860077022,49,3.1450577663671373,0,0.0,77,4.942233632862644,0,0.0,0,0.0,0,0.0,0,0.0,0,0.0,0,0.0,0,0.0,0,0.0,0,0.0,0,0.0,0,0.0,0,0.0,0,0.0,0,0.0,0,0.0,0,0.0,0,0.0,0,0.0,0,0.0
pod006e,126,8.087291399229782,77,4.942233632862644,1432,91.91270860077022,0,0.0,77,4.942233632862644,38,2.4390243902439024,11,0.7060333761232349,0,0.0,0,0.0,0,0.0,0,0.0,0,0.0,0,0.0,0,0.0,0,0.0,0,0.0,0,0.0,0,0.0,0,0.0,0,0.0,0,0.0,0,0.0,0,0.0,0,0.0,0,0.0
pod006f,126,8.087291399229782,0,0.0,1432,91.91270860077022,44,2.8241335044929397,0,0.0,82,5.263157894736842,0,0.0,0,0.0,0,0.0,0,0.0,0,0.0,0,0.0,0,0.0,0,0.0,0,0.0,0,0.0,0,0.0,0,0.0,0,0.0,0,0.0,0,0.0,0,0.0,0,0.0,0,0.0,0,0.0
pod007,1556,99.87163029525033,0,0.0,2,0.12836970474967907,900,57.76636713735558,0,0.0,656,42.10526315789473,0,0.0,0,0.0,0,0.0,0,0.0,0,0.0,0,0.0,0,0.0,0,0.0,0,0.0,0,0.0,0,0.0,0,0.0,0,0.0,0,0.0,0,0.0,0,0.0,0,0.0,0,0.0,0,0.0
pod007a,656,42.10526315789473,0,0.0,902,57.89473684210527,189,12.130937098844672,0,0.0,467,29.974326059050068,0,0.0,0,0.0,0,0.0,0,0.0,0,0.0,0,0.0,0,0.0,0,0.0,0,0.0,0,0.0,0,0.0,0,0.0,0,0.0,0,0.0,0,0.0,0,0.0,0,0.0,0,0.0,0,0.0
pod007b,467,29.974326059050068,0,0.0,1091,70.02567394094994,219,14.05648267008986,0,0.0,248,15.917843388960208,0,0.0,0,0.0,0,0.0,0,0.0,0,0.0,0,0.0,0,0.0,0,0.0,0,0.0,0,0.0,0,0.0,0,0.0,0,0.0,0,0.0,0,0.0,0,0.0,0,0.0,0,0.0,0,0.0
pod007c,467,29.974326059050068,230,14.762516046213095,1091,70.02567394094994,0,0.0,230,14.762516046213095,161,10.333761232349167,76,4.878048780487805,0,0.0,0,0.0,0,0.0,0,0.0,0,0.0,0,0.0,0,0.0,0,0.0,0,0.0,0,0.0,0,0.0,0,0.0,0,0.0,0,0.0,0,0.0,0,0.0,0,0.0,0,0.0
pod007d,467,29.974326059050068,0,0.0,1091,70.02567394094994,152,9.75609756097561,0,0.0,315,20.218228498074453,0,0.0,0,0.0,0,0.0,0,0.0,0,0.0,0,0.0,0,0.0,0,0.0,0,0.0,0,0.0,0,0.0,0,0.0,0,0.0,0,0.0,0,0.0,0,0.0,0,0.0,0,0.0,0,0.0
pod008,1556,99.87163029525033,0,0.0,2,0.12836970474967907,899,57.70218228498074,0,0.0,656,42.10526315789473,0,0.0,0,0.0,0,0.0,0,0.0,0,0.0,0,0.0,1,0.06418485237483953,0,0.0,0,0.0,0,0.0,0,0.0,0,0.0,0,0.0,0,0.0,0,0.0,0,0.0,0,0.0,0,0.0,0,0.0
pod008a,478,30.680359435173298,0,0.0,1080,69.3196405648267,341,21.88703465982028,0,0.0,137,8.793324775353016,0,0.0,0,0.0,0,0.0,0,0.0,0,0.0,0,0.0,0,0.0,0,0.0,0,0.0,0,0.0,0,0.0,0,0.0,0,0.0,0,0.0,0,0.0,0,0.0,0,0.0,0,0.0,0,0.0
pod008b,137,8.793324775353016,0,0.0,1421,91.20667522464699,59,3.7869062901155326,0,0.0,78,5.006418485237484,0,0.0,0,0.0,0,0.0,0,0.0,0,0.0,0,0.0,0,0.0,0,0.0,0,0.0,0,0.0,0,0.0,0,0.0,0,0.0,0,0.0,0,0.0,0,0.0,0,0.0,0,0.0,0,0.0
pod008c,597,38.3183568677792,0,0.0,961,61.6816431322208,252,16.174582798459564,0,0.0,345,22.14377406931964,0,0.0,0,0.0,0,0.0,0,0.0,0,0.0,0,0.0,0,0.0,0,0.0,0,0.0,0,0.0,0,0.0,0,0.0,0,0.0,0,0.0,0,0.0,0,0.0,0,0.0,0,0.0,0,0.0
pod008d,345,22.14377406931964,0,0.0,1213,77.85622593068035,173,11.10397946084724,0,0.0,172,11.0397946084724,0,0.0,0,0.0,0,0.0,0,0.0,0,0.0,0,0.0,0,0.0,0,0.0,0,0.0,0,0.0,0,0.0,0,0.0,0,0.0,0,0.0,0,0.0,0,0.0,0,0.0,0,0.0,0,0.0
pod008e,345,22.14377406931964,114,7.317073170731707,1213,77.85622593068035,66,4.2362002567394095,114,7.317073170731707,123,7.894736842105263,41,2.631578947368421,0,0.0,0,0.0,0,0.0,0,0.0,0,0.0,1,0.06418485237483953,0,0.0,0,0.0,0,0.0,0,0.0,0,0.0,0,0.0,0,0.0,0,0.0,0,0.0,0,0.0,0,0.0,0,0.0
pod008f,345,22.14377406931964,0,0.0,1213,77.85622593068035,74,4.7496790757381255,0,0.0,271,17.394094993581515,0,0.0,0,0.0,0,0.0,0,0.0,0,0.0,0,0.0,0,0.0,0,0.0,0,0.0,0,0.0,0,0.0,0,0.0,0,0.0,0,0.0,0,0.0,0,0.0,0,0.0,0,0.0,0,0.0
pod009,1556,99.87163029525033,0,0.0,2,0.12836970474967907,710,45.571245186136075,0,0.0,843,54.107830551989736,0,0.0,0,0.0,0,0.0,0,0.0,0,0.0,0,0.0,3,0.19255455712451863,0,0.0,0,0.0,0,0.0,0,0.0,0,0.0,0,0.0,0,0.0,0,0.0,0,0.0,0,0.0,0,0.0,0,0.0
pod009a,647,41.52759948652118,0,0.0,911,58.47240051347882,465,29.845956354300384,0,0.0,182,11.681643132220795,0,0.0,0,0.0,0,0.0,0,0.0,0,0.0,0,0.0,0,0.0,0,0.0,0,0.0,0,0.0,0,0.0,0,0.0,0,0.0,0,0.0,0,0.0,0,0.0,0,0.0,0,0.0,0,0.0
pod009b,182,11.681643132220795,0,0.0,1376,88.3183568677792,105,6.7394094993581515,0,0.0,77,4.942233632862644,0,0.0,0,0.0,0,0.0,0,0.0,0,0.0,0,0.0,0,0.0,0,0.0,0,0.0,0,0.0,0,0.0,0,0.0,0,0.0,0,0.0,0,0.0,0,0.0,0,0.0,0,0.0,0,0.0
pod009c,738,47.368421052631575,0,0.0,820,52.63157894736842,370,23.748395378690628,0,0.0,368,23.62002567394095,0,0.0,0,0.0,0,0.0,0,0.0,0,0.0,0,0.0,0,0.0,0,0.0,0,0.0,0,0.0,0,0.0,0,0.0,0,0.0,0,0.0,0,0.0,0,0.0,0,0.0,0,0.0,0,0.0
pod009d,368,23.62002567394095,0,0.0,1190,76.37997432605906,201,12.901155327342748,0,0.0,167,10.718870346598203,0,0.0,0,0.0,0,0.0,0,0.0,0,0.0,0,0.0,0,0.0,0,0.0,0,0.0,0,0.0,0,0.0,0,0.0,0,0.0,0,0.0,0,0.0,0,0.0,0,0.0,0,0.0,0,0.0
pod009e,368,23.62002567394095,135,8.664955070603337,1190,76.37997432605906,99,6.354300385109115,135,8.664955070603337,96,6.161745827984596,38,2.4390243902439024,0,0.0,0,0.0,0,0.0,0,0.0,0,0.0,0,0.0,0,0.0,0,0.0,0,0.0,0,0.0,0,0.0,0,0.0,0,0.0,0,0.0,0,0.0,0,0.0,0,0.0,0,0.0
pod009f,368,23.62002567394095,0,0.0,1190,76.37997432605906,116,7.445442875481387,0,0.0,252,16.174582798459564,0,0.0,0,0.0,0,0.0,0,0.0,0,0.0,0,0.0,0,0.0,0,0.0,0,0.0,0,0.0,0,0.0,0,0.0,0,0.0,0,0.0,0,0.0,0,0.0,0,0.0,0,0.0,0,0.0
pod010,1556,99.87163029525033,0,0.0,2,0.12836970474967907,1420,91.14249037227215,0,0.0,134,8.600770218228499,0,0.0,0,0.0,0,0.0,0,0.0,0,0.0,0,0.0,2,0.12836970474967907,0,0.0,0,0.0,0,0.0,0,0.0,0,0.0,0,0.0,0,0.0,0,0.0,0,0.0,0,0.0,0,0.0,0,0.0
pod010a,97,6.225930680359435,0,0.0,1461,93.77406931964056,65,4.17201540436457,0,0.0,32,2.053915275994865,0,0.0,0,0.0,0,0.0,0,0.0,0,0.0,0,0.0,0,0.0,0,0.0,0,0.0,0,0.0,0,0.0,0,0.0,0,0.0,0,0.0,0,0.0,0,0.0,0,0.0,0,0.0,0,0.0
pod010b,32,2.053915275994865,0,0.0,1526,97.94608472400513,24,1.540436456996149,0,0.0,8,0.5134788189987163,0,0.0,0,0.0,0,0.0,0,0.0,0,0.0,0,0.0,0,0.0,0,0.0,0,0.0,0,0.0,0,0.0,0,0.0,0,0.0,0,0.0,0,0.0,0,0.0,0,0.0,0,0.0,0,0.0
pod010c,110,7.060333761232348,0,0.0,1448,92.93966623876764,28,1.797175866495507,0,0.0,82,5.263157894736842,0,0.0,0,0.0,0,0.0,0,0.0,0,0.0,0,0.0,0,0.0,0,0.0,0,0.0,0,0.0,0,0.0,0,0.0,0,0.0,0,0.0,0,0.0,0,0.0,0,0.0,0,0.0,0,0.0
pod010d,82,5.263157894736842,0,0.0,1476,94.73684210526315,23,1.4762516046213094,0,0.0,59,3.7869062901155326,0,0.0,0,0.0,0,0.0,0,0.0,0,0.0,0,0.0,0,0.0,0,0.0,0,0.0,0,0.0,0,0.0,0,0.0,0,0.0,0,0.0,0,0.0,0,0.0,0,0.0,0,0.0,0,0.0
pod010e,59,3.7869062901155326,0,0.0,1499,96.21309370988446,28,1.797175866495507,0,0.0,31,1.989730423620026,0,0.0,0,0.0,0,0.0,0,0.0,0,0.0,0,0.0,0,0.0,0,0.0,0,0.0,0,0.0,0,0.0,0,0.0,0,0.0,0,0.0,0,0.0,0,0.0,0,0.0,0,0.0,0,0.0
pod010f,103,6.611039794608472,0,0.0,1455,93.38896020539153,73,4.685494223363286,0,0.0,30,1.9255455712451863,0,0.0,0,0.0,0,0.0,0,0.0,0,0.0,0,0.0,0,0.0,0,0.0,0,0.0,0,0.0,0,0.0,0,0.0,0,0.0,0,0.0,0,0.0,0,0.0,0,0.0,0,0.0,0,0.0
pod010g,103,6.611039794608472,0,0.0,1455,93.38896020539153,56,3.594351732991014,0,0.0,47,3.0166880616174585,0,0.0,0,0.0,0,0.0,0,0.0,0,0.0,0,0.0,0,0.0,0,0.0,0,0.0,0,0.0,0,0.0,0,0.0,0,0.0,0,0.0,0,0.0,0,0.0,0,0.0,0,0.0,0,0.0
pod011,1556,99.87163029525033,0,0.0,2,0.12836970474967907,1415,90.82156611039794,0,0.0,139,8.921694480102696,0,0.0,0,0.0,0,0.0,0,0.0,0,0.0,0,0.0,2,0.12836970474967907,0,0.0,0,0.0,0,0.0,0,0.0,0,0.0,0,0.0,0,0.0,0,0.0,0,0.0,0,0.0,0,0.0,0,0.0
pod011a,101,6.482670089858793,0,0.0,1457,93.51732991014121,57,3.6585365853658534,0,0.0,44,2.8241335044929397,0,0.0,0,0.0,0,0.0,0,0.0,0,0.0,0,0.0,0,0.0,0,0.0,0,0.0,0,0.0,0,0.0,0,0.0,0,0.0,0,0.0,0,0.0,0,0.0,0,0.0,0,0.0,0,0.0
pod011b,44,2.8241335044929397,0,0.0,1514,97.17586649550705,37,2.3748395378690628,0,0.0,7,0.4492939666238768,0,0.0,0,0.0,0,0.0,0,0.0,0,0.0,0,0.0,0,0.0,0,0.0,0,0.0,0,0.0,0,0.0,0,0.0,0,0.0,0,0.0,0,0.0,0,0.0,0,0.0,0,0.0,0,0.0
pod011c,102,6.546854942233633,0,0.0,1456,93.45314505776636,32,2.053915275994865,0,0.0,70,4.492939666238768,0,0.0,0,0.0,0,0.0,0,0.0,0,0.0,0,0.0,0,0.0,0,0.0,0,0.0,0,0.0,0,0.0,0,0.0,0,0.0,0,0.0,0,0.0,0,0.0,0,0.0,0,0.0,0,0.0
pod011d,70,4.492939666238768,0,0.0,1488,95.50706033376123,29,1.8613607188703467,0,0.0,41,2.631578947368421,0,0.0,0,0.0,0,0.0,0,0.0,0,0.0,0,0.0,0,0.0,0,0.0,0,0.0,0,0.0,0,0.0,0,0.0,0,0.0,0,0.0,0,0.0,0,0.0,0,0.0,0,0.0,0,0.0
pod011e,41,2.631578947368421,0,0.0,1517,97.36842105263158,15,0.9627727856225932,0,0.0,26,1.6688061617458279,0,0.0,0,0.0,0,0.0,0,0.0,0,0.0,0,0.0,0,0.0,0,0.0,0,0.0,0,0.0,0,0.0,0,0.0,0,0.0,0,0.0,0,0.0,0,0.0,0,0.0,0,0.0,0,0.0
pod011f,70,4.492939666238768,0,0.0,1488,95.50706033376123,48,3.080872913992298,0,0.0,22,1.4120667522464698,0,0.0,0,0.0,0,0.0,0,0.0,0,0.0,0,0.0,0,0.0,0,0.0,0,0.0,0,0.0,0,0.0,0,0.0,0,0.0,0,0.0,0,0.0,0,0.0,0,0.0,0,0.0,0,0.0
pod011g,70,4.492939666238768,0,0.0,1488,95.50706033376123,30,1.9255455712451863,0,0.0,40,2.5673940949935816,0,0.0,0,0.0,0,0.0,0,0.0,0,0.0,0,0.0,0,0.0,0,0.0,0,0.0,0,0.0,0,0.0,0,0.0,0,0.0,0,0.0,0,0.0,0,0.0,0,0.0,0,0.0,0,0.0
pod012,1556,99.87163029525033,0,0.0,2,0.12836970474967907,1274,81.77150192554558,0,0.0,279,17.907573812580228,0,0.0,0,0.0,0,0.0,0,0.0,0,0.0,0,0.0,3,0.19255455712451863,0,0.0,0,0.0,0,0.0,0,0.0,0,0.0,0,0.0,0,0.0,0,0.0,0,0.0,0,0.0,0,0.0,0,0.0
pod012a,279,17.907573812580228,0,0.0,1279,82.09242618741976,115,7.381258023106548,0,0.0,164,10.526315789473683,0,0.0,0,0.0,0,0.0,0,0.0,0,0.0,0,0.0,0,0.0,0,0.0,0,0.0,0,0.0,0,0.0,0,0.0,0,0.0,0,0.0,0,0.0,0,0.0,0,0.0,0,0.0,0,0.0
pod012b,164,10.526315789473683,0,0.0,1394,89.47368421052632,74,4.7496790757381255,0,0.0,90,5.7766367137355585,0,0.0,0,0.0,0,0.0,0,0.0,0,0.0,0,0.0,0,0.0,0,0.0,0,0.0,0,0.0,0,0.0,0,0.0,0,0.0,0,0.0,0,0.0,0,0.0,0,0.0,0,0.0,0,0.0
pod012c,164,10.526315789473683,55,3.530166880616174,1394,89.47368421052632,0,0.0,55,3.530166880616174,51,3.2734274711168165,58,3.7227214377406934,0,0.0,0,0.0,0,0.0,0,0.0,0,0.0,0,0.0,0,0.0,0,0.0,0,0.0,0,0.0,0,0.0,0,0.0,0,0.0,0,0.0,0,0.0,0,0.0,0,0.0,0,0.0
pod012d,164,10.526315789473683,0,0.0,1394,89.47368421052632,58,3.7227214377406934,0,0.0,106,6.8035943517329915,0,0.0,0,0.0,0,0.0,0,0.0,0,0.0,0,0.0,0,0.0,0,0.0,0,0.0,0,0.0,0,0.0,0,0.0,0,0.0,0,0.0,0,0.0,0,0.0,0,0.0,0,0.0,0,0.0
pod013y,568,36.45699614890886,418,26.82926829268293,990,63.54300385109114,0,0.0,1,0.06418485237483953,6,0.38510911424903727,31,1.989730423620026,45,2.8883183568677793,45,2.8883183568677793,47,3.0166880616174585,47,3.0166880616174585,46,2.952503209242619,16,1.0269576379974326,49,3.1450577663671373,38,2.4390243902439024,43,2.7599486521181,36,2.3106546854942236,31,1.989730423620026,19,1.2195121951219512,18,1.1553273427471118,8,0.5134788189987163,0,0.0,38,2.4390243902439024,0,0.0,4,0.25673940949935814
pod013z,3,0.19255455712451863,0,0.0,1555,99.80744544287549,0,0.0,0,0.0,0,0.0,1,0.06418485237483953,0,0.0,0,0.0,0,0.0,0,0.0,0,0.0,0,0.0,0,0.0,0,0.0,0,0.0,0,0.0,0,0.0,0,0.0,0,0.0,0,0.0,0,0.0,0,0.0,0,0.0,2,0.12836970474967907
pod013a,168,10.783055198973042,0,0.0,1390,89.21694480102695,74,4.7496790757381255,0,0.0,94,6.033376123234917,0,0.0,0,0.0,0,0.0,0,0.0,0,0.0,0,0.0,0,0.0,0,0.0,0,0.0,0,0.0,0,0.0,0,0.0,0,0.0,0,0.0,0,0.0,0,0.0,0,0.0,0,0.0,0,0.0
pod013b,406,26.059050064184852,0,0.0,1152,73.94094993581515,206,13.222079589216944,0,0.0,199,12.77278562259307,0,0.0,0,0.0,0,0.0,0,0.0,0,0.0,0,0.0,1,0.06418485237483953,0,0.0,0,0.0,0,0.0,0,0.0,0,0.0,0,0.0,0,0.0,0,0.0,0,0.0,0,0.0,0,0.0,0,0.0
pod013c,199,12.77278562259307,0,0.0,1359,87.22721437740694,51,3.2734274711168165,0,0.0,148,9.499358151476251,0,0.0,0,0.0,0,0.0,0,0.0,0,0.0,0,0.0,0,0.0,0,0.0,0,0.0,0,0.0,0,0.0,0,0.0,0,0.0,0,0.0,0,0.0,0,0.0,0,0.0,0,0.0,0,0.0
pod013dy,148,9.499358151476251,114,7.317073170731707,1410,90.50064184852374,0,0.0,0,0.0,1,0.06418485237483953,2,0.12836970474967907,6,0.38510911424903727,6,0.38510911424903727,6,0.38510911424903727,11,0.7060333761232349,9,0.5776636713735559,10,0.6418485237483954,18,1.1553273427471118,10,0.6418485237483954,6,0.38510911424903727,15,0.9627727856225932,9,0.5776636713735559,11,0.7060333761232349,14,0.8985879332477535,10,0.6418485237483954,2,0.12836970474967907,1,0.06418485237483953,1,0.06418485237483953,0,0.0
pod013dz,0,0.0,0,0.0,1558,100.0,0,0.0,0,0.0,0,0.0,0,0.0,0,0.0,0,0.0,0,0.0,0,0.0,0,0.0,0,0.0,0,0.0,0,0.0,0,0.0,0,0.0,0,0.0,0,0.0,0,0.0,0,0.0,0,0.0,0,0.0,0,0.0,0,0.0
pod013e,65,4.17201540436457,0,0.0,1493,95.82798459563543,20,1.2836970474967908,0,0.0,45,2.8883183568677793,0,0.0,0,0.0,0,0.0,0,0.0,0,0.0,0,0.0,0,0.0,0,0.0,0,0.0,0,0.0,0,0.0,0,0.0,0,0.0,0,0.0,0,0.0,0,0.0,0,0.0,0,0.0,0,0.0
pod014,568,36.45699614890886,72,4.621309370988447,990,63.54300385109114,137,8.793324775353016,72,4.621309370988447,358,22.978177150192554,0,0.0,0,0.0,0,0.0,0,0.0,0,0.0,0,0.0,1,0.06418485237483953,0,0.0,0,0.0,0,0.0,0,0.0,0,0.0,0,0.0,0,0.0,0,0.0,0,0.0,0,0.0,0,0.0,0,0.0
pod014a,430,27.599486521181,69,4.428754813863929,1128,72.400513478819,0,0.0,69,4.428754813863929,253,16.238767650834404,108,6.93196405648267,0,0.0,0,0.0,0,0.0,0,0.0,0,0.0,0,0.0,0,0.0,0,0.0,0,0.0,0,0.0,0,0.0,0,0.0,0,0.0,0,0.0,0,0.0,0,0.0,0,0.0,0,0.0
pod015,568,36.45699614890886,25,1.6046213093709885,990,63.54300385109114,421,27.021822849807446,25,1.6046213093709885,122,7.830551989730424,0,0.0,0,0.0,0,0.0,0,0.0,0,0.0,0,0.0,0,0.0,0,0.0,0,0.0,0,0.0,0,0.0,0,0.0,0,0.0,0,0.0,0,0.0,0,0.0,0,0.0,0,0.0,0,0.0
pod015a,147,9.435173299101413,41,2.631578947368421,1411,90.56482670089859,0,0.0,41,2.631578947368421,86,5.5198973042362,20,1.2836970474967908,0,0.0,0,0.0,0,0.0,0,0.0,0,0.0,0,0.0,0,0.0,0,0.0,0,0.0,0,0.0,0,0.0,0,0.0,0,0.0,0,0.0,0,0.0,0,0.0,0,0.0,0,0.0
pod016,568,36.45699614890886,17,1.0911424903722722,990,63.54300385109114,439,28.177150192554556,17,1.0911424903722722,112,7.188703465982028,0,0.0,0,0.0,0,0.0,0,0.0,0,0.0,0,0.0,0,0.0,0,0.0,0,0.0,0,0.0,0,0.0,0,0.0,0,0.0,0,0.0,0,0.0,0,0.0,0,0.0,0,0.0,0,0.0
pod016a,129,8.2798459563543,35,2.246469833119384,1429,91.72015404364569,0,0.0,35,2.246469833119384,71,4.557124518613607,23,1.4762516046213094,0,0.0,0,0.0,0,0.0,0,0.0,0,0.0,0,0.0,0,0.0,0,0.0,0,0.0,0,0.0,0,0.0,0,0.0,0,0.0,0,0.0,0,0.0,0,0.0,0,0.0,0,0.0
pod017,547,35.109114249037226,19,1.2195121951219512,1011,64.89088575096277,395,25.35301668806162,19,1.2195121951219512,133,8.536585365853659,0,0.0,0,0.0,0,0.0,0,0.0,0,0.0,0,0.0,0,0.0,0,0.0,0,0.0,0,0.0,0,0.0,0,0.0,0,0.0,0,0.0,0,0.0,0,0.0,0,0.0,0,0.0,0,0.0
pod017a,152,9.75609756097561,94,6.033376123234917,1406,90.2439024390244,0,0.0,94,6.033376123234917,43,2.7599486521181,15,0.9627727856225932,0,0.0,0,0.0,0,0.0,0,0.0,0,0.0,0,0.0,0,0.0,0,0.0,0,0.0,0,0.0,0,0.0,0,0.0,0,0.0,0,0.0,0,0.0,0,0.0,0,0.0,0,0.0
pod018,547,35.109114249037226,35,2.246469833119384,1011,64.89088575096277,391,25.09627727856226,35,2.246469833119384,120,7.702182284980745,0,0.0,0,0.0,0,0.0,0,0.0,0,0.0,0,0.0,1,0.06418485237483953,0,0.0,0,0.0,0,0.0,0,0.0,0,0.0,0,0.0,0,0.0,0,0.0,0,0.0,0,0.0,0,0.0,0,0.0
pod018a,155,9.948652118100128,29,1.8613607188703467,1403,90.05134788189987,0,0.0,29,1.8613607188703467,89,5.712451861360719,37,2.3748395378690628,0,0.0,0,0.0,0,0.0,0,0.0,0,0.0,0,0.0,0,0.0,0,0.0,0,0.0,0,0.0,0,0.0,0,0.0,0,0.0,0,0.0,0,0.0,0,0.0,0,0.0,0,0.0
pod019,568,36.45699614890886,48,3.080872913992298,990,63.54300385109114,336,21.566110397946083,48,3.080872913992298,181,11.617458279845955,0,0.0,0,0.0,0,0.0,0,0.0,0,0.0,0,0.0,3,0.19255455712451863,0,0.0,0,0.0,0,0.0,0,0.0,0,0.0,0,0.0,0,0.0,0,0.0,0,0.0,0,0.0,0,0.0,0,0.0
pod019a,229,14.698331193838253,108,6.93196405648267,1329,85.30166880616174,0,0.0,108,6.93196405648267,100,6.418485237483954,21,1.3478818998716302,0,0.0,0,0.0,0,0.0,0,0.0,0,0.0,0,0.0,0,0.0,0,0.0,0,0.0,0,0.0,0,0.0,0,0.0,0,0.0,0,0.0,0,0.0,0,0.0,0,0.0,0,0.0
pod020,568,36.45699614890886,0,0.0,990,63.54300385109114,534,34.27471116816431,0,0.0,34,2.1822849807445444,0,0.0,0,0.0,0,0.0,0,0.0,0,0.0,0,0.0,0,0.0,0,0.0,0,0.0,0,0.0,0,0.0,0,0.0,0,0.0,0,0.0,0,0.0,0,0.0,0,0.0,0,0.0,0,0.0
pod020a,534,34.27471116816431,0,0.0,1024,65.72528883183568,526,33.761232349165596,0,0.0,8,0.5134788189987163,0,0.0,0,0.0,0,0.0,0,0.0,0,0.0,0,0.0,0,0.0,0,0.0,0,0.0,0,0.0,0,0.0,0,0.0,0,0.0,0,0.0,0,0.0,0,0.0,0,0.0,0,0.0,0,0.0
pod021,42,2.6957637997432604,0,0.0,1516,97.30423620025674,42,2.6957637997432604,0,0.0,0,0.0,0,0.0,0,0.0,0,0.0,0,0.0,0,0.0,0,0.0,0,0.0,0,0.0,0,0.0,0,0.0,0,0.0,0,0.0,0,0.0,0,0.0,0,0.0,0,0.0,0,0.0,0,0.0,0,0.0
pod021a,34,2.1822849807445444,0,0.0,1524,97.81771501925546,34,2.1822849807445444,0,0.0,0,0.0,0,0.0,0,0.0,0,0.0,0,0.0,0,0.0,0,0.0,0,0.0,0,0.0,0,0.0,0,0.0,0,0.0,0,0.0,0,0.0,0,0.0,0,0.0,0,0.0,0,0.0,0,0.0,0,0.0
pod022,568,36.45699614890886,0,0.0,990,63.54300385109114,453,29.07573812580231,0,0.0,105,6.7394094993581515,0,0.0,0,0.0,0,0.0,0,0.0,0,0.0,0,0.0,10,0.6418485237483954,0,0.0,0,0.0,0,0.0,0,0.0,0,0.0,0,0.0,0,0.0,0,0.0,0,0.0,0,0.0,0,0.0,0,0.0
pod022ay,105,6.7394094993581515,76,4.878048780487805,1453,93.26059050064185,0,0.0,0,0.0,0,0.0,0,0.0,0,0.0,7,0.4492939666238768,10,0.6418485237483954,7,0.4492939666238768,11,0.7060333761232349,10,0.6418485237483954,11,0.7060333761232349,6,0.38510911424903727,9,0.5776636713735559,13,0.8344030808729139,7,0.4492939666238768,7,0.4492939666238768,5,0.3209242618741977,1,0.06418485237483953,0,0.0,0,0.0,1,0.06418485237483953,0,0.0
pod022az,0,0.0,0,0.0,1558,100.0,0,0.0,0,0.0,0,0.0,0,0.0,0,0.0,0,0.0,0,0.0,0,0.0,0,0.0,0,0.0,0,0.0,0,0.0,0,0.0,0,0.0,0,0.0,0,0.0,0,0.0,0,0.0,0,0.0,0,0.0,0,0.0,0,0.0
