question,cnt_non_nan,pct_non_nan,cnt_non_standard,pct_non_standard,cnt_nan,pct_nan,cnt_0_NO,pct_0_NO,cnt_1,pct_1,cnt_2_SI,pct_2_SI,cnt_3_AV/A,pct_3_AV/A,cnt_4,pct_4,cnt_5,pct_5,cnt_6,pct_6,cnt_7_NR,pct_7_NR,cnt_8_NA,pct_8_NA,cnt_9_NS,pct_9_NS,cnt_10,pct_10,cnt_11,pct_11,cnt_12,pct_12,cnt_13,pct_13,cnt_14,pct_14,cnt_15,pct_15,cnt_16,pct_16,cnt_17,pct_17,cnt_18,pct_18,cnt_55,pct_55,cnt_66,pct_66,cnt_88_NA,pct_88_NA,cnt_99_NS,pct_99_NS
psa001,1557,99.93581514762516,0,0.0,1,0.06418485237483953,1167,74.90372272143773,0,0.0,389,24.96790757381258,0,0.0,0,0.0,0,0.0,0,0.0,0,0.0,0,0.0,1,0.06418485237483953,0,0.0,0,0.0,0,0.0,0,0.0,0,0.0,0,0.0,0,0.0,0,0.0,0,0.0,0,0.0,0,0.0,0,0.0,0,0.0
psa001a,389,24.96790757381258,0,0.0,1169,75.03209242618742,218,13.992297817715018,0,0.0,171,10.975609756097562,0,0.0,0,0.0,0,0.0,0,0.0,0,0.0,0,0.0,0,0.0,0,0.0,0,0.0,0,0.0,0,0.0,0,0.0,0,0.0,0,0.0,0,0.0,0,0.0,0,0.0,0,0.0,0,0.0,0,0.0
psa001b,389,24.96790757381258,0,0.0,1169,75.03209242618742,297,19.062901155327342,0,0.0,92,5.905006418485238,0,0.0,0,0.0,0,0.0,0,0.0,0,0.0,0,0.0,0,0.0,0,0.0,0,0.0,0,0.0,0,0.0,0,0.0,0,0.0,0,0.0,0,0.0,0,0.0,0,0.0,0,0.0,0,0.0,0,0.0
psa002,1514,97.17586649550705,0,0.0,44,2.8241335044929397,911,58.47240051347882,0,0.0,601,38.57509627727856,0,0.0,0,0.0,0,0.0,0,0.0,0,0.0,0,0.0,2,0.12836970474967907,0,0.0,0,0.0,0,0.0,0,0.0,0,0.0,0,0.0,0,0.0,0,0.0,0,0.0,0,0.0,0,0.0,0,0.0,0,0.0
psa002a,601,38.57509627727856,0,0.0,957,61.42490372272144,374,24.005134788189988,0,0.0,227,14.569961489088575,0,0.0,0,0.0,0,0.0,0,0.0,0,0.0,0,0.0,0,0.0,0,0.0,0,0.0,0,0.0,0,0.0,0,0.0,0,0.0,0,0.0,0,0.0,0,0.0,0,0.0,0,0.0,0,0.0,0,0.0
psa002b,584,37.48395378690629,0,0.0,974,62.51604621309371,413,26.50834403080873,0,0.0,171,10.975609756097562,0,0.0,0,0.0,0,0.0,0,0.0,0,0.0,0,0.0,0,0.0,0,0.0,0,0.0,0,0.0,0,0.0,0,0.0,0,0.0,0,0.0,0,0.0,0,0.0,0,0.0,0,0.0,0,0.0,0,0.0
psa003,1557,99.93581514762516,0,0.0,1,0.06418485237483953,1417,90.94993581514763,0,0.0,139,8.921694480102696,0,0.0,0,0.0,0,0.0,0,0.0,0,0.0,0,0.0,1,0.06418485237483953,0,0.0,0,0.0,0,0.0,0,0.0,0,0.0,0,0.0,0,0.0,0,0.0,0,0.0,0,0.0,0,0.0,0,0.0,0,0.0
psa003a,139,8.921694480102696,0,0.0,1419,91.07830551989731,72,4.621309370988447,0,0.0,67,4.3003851091142495,0,0.0,0,0.0,0,0.0,0,0.0,0,0.0,0,0.0,0,0.0,0,0.0,0,0.0,0,0.0,0,0.0,0,0.0,0,0.0,0,0.0,0,0.0,0,0.0,0,0.0,0,0.0,0,0.0,0,0.0
psa003b,139,8.921694480102696,0,0.0,1419,91.07830551989731,95,6.097560975609756,0,0.0,44,2.8241335044929397,0,0.0,0,0.0,0,0.0,0,0.0,0,0.0,0,0.0,0,0.0,0,0.0,0,0.0,0,0.0,0,0.0,0,0.0,0,0.0,0,0.0,0,0.0,0,0.0,0,0.0,0,0.0,0,0.0,0,0.0
psa004,1557,99.93581514762516,0,0.0,1,0.06418485237483953,1194,76.6367137355584,0,0.0,361,23.170731707317074,0,0.0,0,0.0,0,0.0,0,0.0,0,0.0,0,0.0,2,0.12836970474967907,0,0.0,0,0.0,0,0.0,0,0.0,0,0.0,0,0.0,0,0.0,0,0.0,0,0.0,0,0.0,0,0.0,0,0.0,0,0.0
psa004a,361,23.170731707317074,0,0.0,1197,76.82926829268293,144,9.242618741976894,0,0.0,211,13.543003851091143,0,0.0,0,0.0,0,0.0,0,0.0,0,0.0,0,0.0,6,0.38510911424903727,0,0.0,0,0.0,0,0.0,0,0.0,0,0.0,0,0.0,0,0.0,0,0.0,0,0.0,0,0.0,0,0.0,0,0.0,0,0.0
psa004b,211,13.543003851091143,0,0.0,1347,86.45699614890886,29,1.8613607188703467,0,0.0,182,11.681643132220795,0,0.0,0,0.0,0,0.0,0,0.0,0,0.0,0,0.0,0,0.0,0,0.0,0,0.0,0,0.0,0,0.0,0,0.0,0,0.0,0,0.0,0,0.0,0,0.0,0,0.0,0,0.0,0,0.0,0,0.0
psa004c,211,13.543003851091143,0,0.0,1347,86.45699614890886,166,10.654685494223363,0,0.0,45,2.8883183568677793,0,0.0,0,0.0,0,0.0,0,0.0,0,0.0,0,0.0,0,0.0,0,0.0,0,0.0,0,0.0,0,0.0,0,0.0,0,0.0,0,0.0,0,0.0,0,0.0,0,0.0,0,0.0,0,0.0,0,0.0
psa005,1557,99.93581514762516,0,0.0,1,0.06418485237483953,977,62.708600770218226,0,0.0,580,37.22721437740693,0,0.0,0,0.0,0,0.0,0,0.0,0,0.0,0,0.0,0,0.0,0,0.0,0,0.0,0,0.0,0,0.0,0,0.0,0,0.0,0,0.0,0,0.0,0,0.0,0,0.0,0,0.0,0,0.0,0,0.0
psa005a,580,37.22721437740693,0,0.0,978,62.77278562259306,160,10.269576379974326,0,0.0,420,26.957637997432606,0,0.0,0,0.0,0,0.0,0,0.0,0,0.0,0,0.0,0,0.0,0,0.0,0,0.0,0,0.0,0,0.0,0,0.0,0,0.0,0,0.0,0,0.0,0,0.0,0,0.0,0,0.0,0,0.0,0,0.0
psa005b,580,37.22721437740693,0,0.0,978,62.77278562259306,249,15.982028241335044,0,0.0,331,21.245186136071887,0,0.0,0,0.0,0,0.0,0,0.0,0,0.0,0,0.0,0,0.0,0,0.0,0,0.0,0,0.0,0,0.0,0,0.0,0,0.0,0,0.0,0,0.0,0,0.0,0,0.0,0,0.0,0,0.0,0,0.0
psa006,1557,99.93581514762516,0,0.0,1,0.06418485237483953,580,37.22721437740693,0,0.0,977,62.708600770218226,0,0.0,0,0.0,0,0.0,0,0.0,0,0.0,0,0.0,0,0.0,0,0.0,0,0.0,0,0.0,0,0.0,0,0.0,0,0.0,0,0.0,0,0.0,0,0.0,0,0.0,0,0.0,0,0.0,0,0.0
psa006a,977,62.708600770218226,44,2.8241335044929397,581,37.291399229781774,814,52.24646983311938,44,2.8241335044929397,118,7.573812580231065,0,0.0,0,0.0,0,0.0,0,0.0,0,0.0,0,0.0,1,0.06418485237483953,0,0.0,0,0.0,0,0.0,0,0.0,0,0.0,0,0.0,0,0.0,0,0.0,0,0.0,0,0.0,0,0.0,0,0.0,0,0.0
psa006b,162,10.397946084724005,0,0.0,1396,89.60205391527599,81,5.198973042362002,0,0.0,81,5.198973042362002,0,0.0,0,0.0,0,0.0,0,0.0,0,0.0,0,0.0,0,0.0,0,0.0,0,0.0,0,0.0,0,0.0,0,0.0,0,0.0,0,0.0,0,0.0,0,0.0,0,0.0,0,0.0,0,0.0,0,0.0
psa006c,162,10.397946084724005,0,0.0,1396,89.60205391527599,47,3.0166880616174585,0,0.0,115,7.381258023106548,0,0.0,0,0.0,0,0.0,0,0.0,0,0.0,0,0.0,0,0.0,0,0.0,0,0.0,0,0.0,0,0.0,0,0.0,0,0.0,0,0.0,0,0.0,0,0.0,0,0.0,0,0.0,0,0.0,0,0.0
psa006d,115,7.381258023106548,8,0.5134788189987163,1443,92.61874197689345,71,4.557124518613607,8,0.5134788189987163,36,2.3106546854942236,0,0.0,0,0.0,0,0.0,0,0.0,0,0.0,0,0.0,0,0.0,0,0.0,0,0.0,0,0.0,0,0.0,0,0.0,0,0.0,0,0.0,0,0.0,0,0.0,0,0.0,0,0.0,0,0.0,0,0.0
psa006e,47,3.0166880616174585,1,0.06418485237483953,1511,96.98331193838254,22,1.4120667522464698,1,0.06418485237483953,24,1.540436456996149,0,0.0,0,0.0,0,0.0,0,0.0,0,0.0,0,0.0,0,0.0,0,0.0,0,0.0,0,0.0,0,0.0,0,0.0,0,0.0,0,0.0,0,0.0,0,0.0,0,0.0,0,0.0,0,0.0,0,0.0
psa006f,69,4.428754813863929,0,0.0,1489,95.57124518613607,21,1.3478818998716302,0,0.0,48,3.080872913992298,0,0.0,0,0.0,0,0.0,0,0.0,0,0.0,0,0.0,0,0.0,0,0.0,0,0.0,0,0.0,0,0.0,0,0.0,0,0.0,0,0.0,0,0.0,0,0.0,0,0.0,0,0.0,0,0.0,0,0.0
psa006g,69,4.428754813863929,0,0.0,1489,95.57124518613607,44,2.8241335044929397,0,0.0,25,1.6046213093709885,0,0.0,0,0.0,0,0.0,0,0.0,0,0.0,0,0.0,0,0.0,0,0.0,0,0.0,0,0.0,0,0.0,0,0.0,0,0.0,0,0.0,0,0.0,0,0.0,0,0.0,0,0.0,0,0.0,0,0.0
psa007,1557,99.93581514762516,0,0.0,1,0.06418485237483953,760,48.78048780487805,0,0.0,794,50.96277278562259,0,0.0,0,0.0,0,0.0,0,0.0,0,0.0,0,0.0,3,0.19255455712451863,0,0.0,0,0.0,0,0.0,0,0.0,0,0.0,0,0.0,0,0.0,0,0.0,0,0.0,0,0.0,0,0.0,0,0.0,0,0.0
psa007a,794,50.96277278562259,0,0.0,764,49.0372272143774,319,20.474967907573813,0,0.0,470,30.166880616174584,0,0.0,0,0.0,0,0.0,0,0.0,0,0.0,0,0.0,5,0.3209242618741977,0,0.0,0,0.0,0,0.0,0,0.0,0,0.0,0,0.0,0,0.0,0,0.0,0,0.0,0,0.0,0,0.0,0,0.0,0,0.0
psa007b,794,50.96277278562259,0,0.0,764,49.0372272143774,363,23.299101412066754,0,0.0,431,27.663671373555843,0,0.0,0,0.0,0,0.0,0,0.0,0,0.0,0,0.0,0,0.0,0,0.0,0,0.0,0,0.0,0,0.0,0,0.0,0,0.0,0,0.0,0,0.0,0,0.0,0,0.0,0,0.0,0,0.0,0,0.0
psa007c,794,50.96277278562259,0,0.0,764,49.0372272143774,416,26.700898587933246,0,0.0,378,24.261874197689345,0,0.0,0,0.0,0,0.0,0,0.0,0,0.0,0,0.0,0,0.0,0,0.0,0,0.0,0,0.0,0,0.0,0,0.0,0,0.0,0,0.0,0,0.0,0,0.0,0,0.0,0,0.0,0,0.0,0,0.0
psa008,1557,99.93581514762516,0,0.0,1,0.06418485237483953,1173,75.28883183568678,0,0.0,379,24.326059050064185,0,0.0,0,0.0,0,0.0,0,0.0,0,0.0,0,0.0,5,0.3209242618741977,0,0.0,0,0.0,0,0.0,0,0.0,0,0.0,0,0.0,0,0.0,0,0.0,0,0.0,0,0.0,0,0.0,0,0.0,0,0.0
psa008a,379,24.326059050064185,0,0.0,1179,75.67394094993581,165,10.590500641848525,0,0.0,214,13.735558408215661,0,0.0,0,0.0,0,0.0,0,0.0,0,0.0,0,0.0,0,0.0,0,0.0,0,0.0,0,0.0,0,0.0,0,0.0,0,0.0,0,0.0,0,0.0,0,0.0,0,0.0,0,0.0,0,0.0,0,0.0
psa008b,379,24.326059050064185,0,0.0,1179,75.67394094993581,232,14.890885750962774,0,0.0,147,9.435173299101413,0,0.0,0,0.0,0,0.0,0,0.0,0,0.0,0,0.0,0,0.0,0,0.0,0,0.0,0,0.0,0,0.0,0,0.0,0,0.0,0,0.0,0,0.0,0,0.0,0,0.0,0,0.0,0,0.0,0,0.0
psa009,1557,99.93581514762516,0,0.0,1,0.06418485237483953,1287,82.6059050064185,0,0.0,266,17.073170731707318,0,0.0,0,0.0,0,0.0,0,0.0,0,0.0,0,0.0,4,0.25673940949935814,0,0.0,0,0.0,0,0.0,0,0.0,0,0.0,0,0.0,0,0.0,0,0.0,0,0.0,0,0.0,0,0.0,0,0.0,0,0.0
psa009a,267,17.137355584082155,0,0.0,1291,82.86264441591784,148,9.499358151476251,0,0.0,119,7.637997432605904,0,0.0,0,0.0,0,0.0,0,0.0,0,0.0,0,0.0,0,0.0,0,0.0,0,0.0,0,0.0,0,0.0,0,0.0,0,0.0,0,0.0,0,0.0,0,0.0,0,0.0,0,0.0,0,0.0,0,0.0
psa009b,267,17.137355584082155,0,0.0,1291,82.86264441591784,165,10.590500641848525,0,0.0,102,6.546854942233633,0,0.0,0,0.0,0,0.0,0,0.0,0,0.0,0,0.0,0,0.0,0,0.0,0,0.0,0,0.0,0,0.0,0,0.0,0,0.0,0,0.0,0,0.0,0,0.0,0,0.0,0,0.0,0,0.0,0,0.0
psa010,1557,99.93581514762516,0,0.0,1,0.06418485237483953,1238,79.46084724005135,0,0.0,319,20.474967907573813,0,0.0,0,0.0,0,0.0,0,0.0,0,0.0,0,0.0,0,0.0,0,0.0,0,0.0,0,0.0,0,0.0,0,0.0,0,0.0,0,0.0,0,0.0,0,0.0,0,0.0,0,0.0,0,0.0,0,0.0
psa010a,319,20.474967907573813,0,0.0,1239,79.52503209242619,140,8.985879332477536,0,0.0,179,11.489088575096277,0,0.0,0,0.0,0,0.0,0,0.0,0,0.0,0,0.0,0,0.0,0,0.0,0,0.0,0,0.0,0,0.0,0,0.0,0,0.0,0,0.0,0,0.0,0,0.0,0,0.0,0,0.0,0,0.0,0,0.0
psa010b,319,20.474967907573813,0,0.0,1239,79.52503209242619,210,13.478818998716303,0,0.0,109,6.996148908857509,0,0.0,0,0.0,0,0.0,0,0.0,0,0.0,0,0.0,0,0.0,0,0.0,0,0.0,0,0.0,0,0.0,0,0.0,0,0.0,0,0.0,0,0.0,0,0.0,0,0.0,0,0.0,0,0.0,0,0.0
psa011,1557,99.93581514762516,0,0.0,1,0.06418485237483953,209,13.414634146341465,0,0.0,1348,86.5211810012837,0,0.0,0,0.0,0,0.0,0,0.0,0,0.0,0,0.0,0,0.0,0,0.0,0,0.0,0,0.0,0,0.0,0,0.0,0,0.0,0,0.0,0,0.0,0,0.0,0,0.0,0,0.0,0,0.0,0,0.0
psa011a,1348,86.5211810012837,0,0.0,210,13.478818998716303,1199,76.9576379974326,0,0.0,149,9.563543003851091,0,0.0,0,0.0,0,0.0,0,0.0,0,0.0,0,0.0,0,0.0,0,0.0,0,0.0,0,0.0,0,0.0,0,0.0,0,0.0,0,0.0,0,0.0,0,0.0,0,0.0,0,0.0,0,0.0,0,0.0
psa011b,149,9.563543003851091,0,0.0,1409,90.4364569961489,67,4.3003851091142495,0,0.0,82,5.263157894736842,0,0.0,0,0.0,0,0.0,0,0.0,0,0.0,0,0.0,0,0.0,0,0.0,0,0.0,0,0.0,0,0.0,0,0.0,0,0.0,0,0.0,0,0.0,0,0.0,0,0.0,0,0.0,0,0.0,0,0.0
psa011c,149,9.563543003851091,0,0.0,1409,90.4364569961489,98,6.290115532734275,0,0.0,51,3.2734274711168165,0,0.0,0,0.0,0,0.0,0,0.0,0,0.0,0,0.0,0,0.0,0,0.0,0,0.0,0,0.0,0,0.0,0,0.0,0,0.0,0,0.0,0,0.0,0,0.0,0,0.0,0,0.0,0,0.0,0,0.0
psa011d,209,13.414634146341465,0,0.0,1349,86.58536585365853,181,11.617458279845955,0,0.0,28,1.797175866495507,0,0.0,0,0.0,0,0.0,0,0.0,0,0.0,0,0.0,0,0.0,0,0.0,0,0.0,0,0.0,0,0.0,0,0.0,0,0.0,0,0.0,0,0.0,0,0.0,0,0.0,0,0.0,0,0.0,0,0.0
psa011e,28,1.797175866495507,0,0.0,1530,98.20282413350449,3,0.19255455712451863,0,0.0,25,1.6046213093709885,0,0.0,0,0.0,0,0.0,0,0.0,0,0.0,0,0.0,0,0.0,0,0.0,0,0.0,0,0.0,0,0.0,0,0.0,0,0.0,0,0.0,0,0.0,0,0.0,0,0.0,0,0.0,0,0.0,0,0.0
psa011f,28,1.797175866495507,0,0.0,1530,98.20282413350449,13,0.8344030808729139,0,0.0,15,0.9627727856225932,0,0.0,0,0.0,0,0.0,0,0.0,0,0.0,0,0.0,0,0.0,0,0.0,0,0.0,0,0.0,0,0.0,0,0.0,0,0.0,0,0.0,0,0.0,0,0.0,0,0.0,0,0.0,0,0.0,0,0.0
psa012,1557,99.93581514762516,0,0.0,1,0.06418485237483953,844,54.17201540436457,0,0.0,713,45.76379974326059,0,0.0,0,0.0,0,0.0,0,0.0,0,0.0,0,0.0,0,0.0,0,0.0,0,0.0,0,0.0,0,0.0,0,0.0,0,0.0,0,0.0,0,0.0,0,0.0,0,0.0,0,0.0,0,0.0,0,0.0
psa012a,713,45.76379974326059,0,0.0,845,54.23620025673941,521,33.4403080872914,0,0.0,192,12.323491655969192,0,0.0,0,0.0,0,0.0,0,0.0,0,0.0,0,0.0,0,0.0,0,0.0,0,0.0,0,0.0,0,0.0,0,0.0,0,0.0,0,0.0,0,0.0,0,0.0,0,0.0,0,0.0,0,0.0,0,0.0
psa012b,192,12.323491655969192,0,0.0,1366,87.67650834403081,127,8.15147625160462,0,0.0,65,4.17201540436457,0,0.0,0,0.0,0,0.0,0,0.0,0,0.0,0,0.0,0,0.0,0,0.0,0,0.0,0,0.0,0,0.0,0,0.0,0,0.0,0,0.0,0,0.0,0,0.0,0,0.0,0,0.0,0,0.0,0,0.0
psa012c,192,12.323491655969192,0,0.0,1366,87.67650834403081,133,8.536585365853659,0,0.0,58,3.7227214377406934,0,0.0,0,0.0,0,0.0,0,0.0,0,0.0,0,0.0,1,0.06418485237483953,0,0.0,0,0.0,0,0.0,0,0.0,0,0.0,0,0.0,0,0.0,0,0.0,0,0.0,0,0.0,0,0.0,0,0.0,0,0.0
psa013,549,35.23748395378691,0,0.0,1009,64.7625160462131,305,19.57637997432606,0,0.0,243,15.596919127086007,0,0.0,0,0.0,0,0.0,0,0.0,0,0.0,0,0.0,1,0.06418485237483953,0,0.0,0,0.0,0,0.0,0,0.0,0,0.0,0,0.0,0,0.0,0,0.0,0,0.0,0,0.0,0,0.0,0,0.0,0,0.0
psa014y,549,35.23748395378691,386,24.77535301668806,1009,64.7625160462131,0,0.0,2,0.12836970474967907,17,1.0911424903722722,41,2.631578947368421,55,3.530166880616174,48,3.080872913992298,42,2.6957637997432604,41,2.631578947368421,33,2.1181001283697047,31,1.989730423620026,37,2.3748395378690628,24,1.540436456996149,25,1.6046213093709885,21,1.3478818998716302,28,1.797175866495507,25,1.6046213093709885,14,0.8985879332477535,14,0.8985879332477535,1,0.06418485237483953,0,0.0,50,3.209242618741977,0,0.0,0,0.0
psa014z,0,0.0,0,0.0,1558,100.0,0,0.0,0,0.0,0,0.0,0,0.0,0,0.0,0,0.0,0,0.0,0,0.0,0,0.0,0,0.0,0,0.0,0,0.0,0,0.0,0,0.0,0,0.0,0,0.0,0,0.0,0,0.0,0,0.0,0,0.0,0,0.0,0,0.0,0,0.0
psa014a,172,11.0397946084724,0,0.0,1386,88.96020539152761,85,5.455712451861361,0,0.0,87,5.58408215661104,0,0.0,0,0.0,0,0.0,0,0.0,0,0.0,0,0.0,0,0.0,0,0.0,0,0.0,0,0.0,0,0.0,0,0.0,0,0.0,0,0.0,0,0.0,0,0.0,0,0.0,0,0.0,0,0.0,0,0.0
psa014b,405,25.994865211810016,0,0.0,1153,74.00513478818999,174,11.16816431322208,0,0.0,231,14.826700898587934,0,0.0,0,0.0,0,0.0,0,0.0,0,0.0,0,0.0,0,0.0,0,0.0,0,0.0,0,0.0,0,0.0,0,0.0,0,0.0,0,0.0,0,0.0,0,0.0,0,0.0,0,0.0,0,0.0,0,0.0
psa014c,231,14.826700898587934,0,0.0,1327,85.17329910141207,62,3.979460847240052,0,0.0,169,10.847240051347882,0,0.0,0,0.0,0,0.0,0,0.0,0,0.0,0,0.0,0,0.0,0,0.0,0,0.0,0,0.0,0,0.0,0,0.0,0,0.0,0,0.0,0,0.0,0,0.0,0,0.0,0,0.0,0,0.0,0,0.0
psa014dy,169,10.847240051347882,119,7.637997432605904,1389,89.15275994865212,0,0.0,0,0.0,0,0.0,7,0.4492939666238768,8,0.5134788189987163,7,0.4492939666238768,15,0.9627727856225932,10,0.6418485237483954,16,1.0269576379974326,13,0.8344030808729139,7,0.4492939666238768,15,0.9627727856225932,13,0.8344030808729139,12,0.7702182284980745,9,0.5776636713735559,11,0.7060333761232349,7,0.4492939666238768,10,0.6418485237483954,1,0.06418485237483953,0,0.0,4,0.25673940949935814,4,0.25673940949935814,0,0.0
psa014dz,0,0.0,0,0.0,1558,100.0,0,0.0,0,0.0,0,0.0,0,0.0,0,0.0,0,0.0,0,0.0,0,0.0,0,0.0,0,0.0,0,0.0,0,0.0,0,0.0,0,0.0,0,0.0,0,0.0,0,0.0,0,0.0,0,0.0,0,0.0,0,0.0,0,0.0,0,0.0
psa014e,82,5.263157894736842,0,0.0,1476,94.73684210526315,36,2.3106546854942236,0,0.0,46,2.952503209242619,0,0.0,0,0.0,0,0.0,0,0.0,0,0.0,0,0.0,0,0.0,0,0.0,0,0.0,0,0.0,0,0.0,0,0.0,0,0.0,0,0.0,0,0.0,0,0.0,0,0.0,0,0.0,0,0.0,0,0.0
psa015,549,35.23748395378691,61,3.915275994865212,1009,64.7625160462131,385,24.71116816431322,61,3.915275994865212,103,6.611039794608472,0,0.0,0,0.0,0,0.0,0,0.0,0,0.0,0,0.0,0,0.0,0,0.0,0,0.0,0,0.0,0,0.0,0,0.0,0,0.0,0,0.0,0,0.0,0,0.0,0,0.0,0,0.0,0,0.0,0,0.0
psa015a,164,10.526315789473683,41,2.631578947368421,1394,89.47368421052632,0,0.0,41,2.631578947368421,100,6.418485237483954,23,1.4762516046213094,0,0.0,0,0.0,0,0.0,0,0.0,0,0.0,0,0.0,0,0.0,0,0.0,0,0.0,0,0.0,0,0.0,0,0.0,0,0.0,0,0.0,0,0.0,0,0.0,0,0.0,0,0.0,0,0.0
psa016,549,35.23748395378691,17,1.0911424903722722,1009,64.7625160462131,450,28.88318356867779,17,1.0911424903722722,82,5.263157894736842,0,0.0,0,0.0,0,0.0,0,0.0,0,0.0,0,0.0,0,0.0,0,0.0,0,0.0,0,0.0,0,0.0,0,0.0,0,0.0,0,0.0,0,0.0,0,0.0,0,0.0,0,0.0,0,0.0,0,0.0
psa016a,99,6.354300385109115,17,1.0911424903722722,1459,93.64569961489089,0,0.0,17,1.0911424903722722,62,3.979460847240052,20,1.2836970474967908,0,0.0,0,0.0,0,0.0,0,0.0,0,0.0,0,0.0,0,0.0,0,0.0,0,0.0,0,0.0,0,0.0,0,0.0,0,0.0,0,0.0,0,0.0,0,0.0,0,0.0,0,0.0,0,0.0
psa017,549,35.23748395378691,31,1.989730423620026,1009,64.7625160462131,431,27.663671373555843,31,1.989730423620026,87,5.58408215661104,0,0.0,0,0.0,0,0.0,0,0.0,0,0.0,0,0.0,0,0.0,0,0.0,0,0.0,0,0.0,0,0.0,0,0.0,0,0.0,0,0.0,0,0.0,0,0.0,0,0.0,0,0.0,0,0.0,0,0.0
psa017a,118,7.573812580231065,22,1.4120667522464698,1440,92.42618741976894,0,0.0,22,1.4120667522464698,66,4.2362002567394095,29,1.8613607188703467,0,0.0,0,0.0,0,0.0,0,0.0,0,0.0,1,0.06418485237483953,0,0.0,0,0.0,0,0.0,0,0.0,0,0.0,0,0.0,0,0.0,0,0.0,0,0.0,0,0.0,0,0.0,0,0.0,0,0.0
psa018,530,34.017971758664956,19,1.2195121951219512,1028,65.98202824133504,357,22.913992297817714,19,1.2195121951219512,153,9.82028241335045,0,0.0,0,0.0,0,0.0,0,0.0,0,0.0,1,0.06418485237483953,0,0.0,0,0.0,0,0.0,0,0.0,0,0.0,0,0.0,0,0.0,0,0.0,0,0.0,0,0.0,0,0.0,0,0.0,0,0.0,0,0.0
psa018a,172,11.0397946084724,93,5.969191270860077,1386,88.96020539152761,0,0.0,93,5.969191270860077,61,3.915275994865212,18,1.1553273427471118,0,0.0,0,0.0,0,0.0,0,0.0,0,0.0,0,0.0,0,0.0,0,0.0,0,0.0,0,0.0,0,0.0,0,0.0,0,0.0,0,0.0,0,0.0,0,0.0,0,0.0,0,0.0,0,0.0
psa019,530,34.017971758664956,17,1.0911424903722722,1028,65.98202824133504,444,28.498074454428757,17,1.0911424903722722,66,4.2362002567394095,0,0.0,0,0.0,0,0.0,0,0.0,0,0.0,1,0.06418485237483953,2,0.12836970474967907,0,0.0,0,0.0,0,0.0,0,0.0,0,0.0,0,0.0,0,0.0,0,0.0,0,0.0,0,0.0,0,0.0,0,0.0,0,0.0
psa019a,83,5.327342747111682,7,0.4492939666238768,1475,94.67265725288831,0,0.0,7,0.4492939666238768,55,3.530166880616174,21,1.3478818998716302,0,0.0,0,0.0,0,0.0,0,0.0,0,0.0,0,0.0,0,0.0,0,0.0,0,0.0,0,0.0,0,0.0,0,0.0,0,0.0,0,0.0,0,0.0,0,0.0,0,0.0,0,0.0,0,0.0
psa020,549,35.23748395378691,48,3.080872913992298,1009,64.7625160462131,269,17.265725288831835,48,3.080872913992298,231,14.826700898587934,0,0.0,0,0.0,0,0.0,0,0.0,0,0.0,0,0.0,1,0.06418485237483953,0,0.0,0,0.0,0,0.0,0,0.0,0,0.0,0,0.0,0,0.0,0,0.0,0,0.0,0,0.0,0,0.0,0,0.0,0,0.0
psa020a,279,17.907573812580228,99,6.354300385109115,1279,82.09242618741976,0,0.0,99,6.354300385109115,132,8.472400513478819,48,3.080872913992298,0,0.0,0,0.0,0,0.0,0,0.0,0,0.0,0,0.0,0,0.0,0,0.0,0,0.0,0,0.0,0,0.0,0,0.0,0,0.0,0,0.0,0,0.0,0,0.0,0,0.0,0,0.0,0,0.0
psa021,549,35.23748395378691,0,0.0,1009,64.7625160462131,513,32.926829268292686,0,0.0,36,2.3106546854942236,0,0.0,0,0.0,0,0.0,0,0.0,0,0.0,0,0.0,0,0.0,0,0.0,0,0.0,0,0.0,0,0.0,0,0.0,0,0.0,0,0.0,0,0.0,0,0.0,0,0.0,0,0.0,0,0.0,0,0.0
psa021a,513,32.926829268292686,0,0.0,1045,67.07317073170732,506,32.47753530166881,0,0.0,7,0.4492939666238768,0,0.0,0,0.0,0,0.0,0,0.0,0,0.0,0,0.0,0,0.0,0,0.0,0,0.0,0,0.0,0,0.0,0,0.0,0,0.0,0,0.0,0,0.0,0,0.0,0,0.0,0,0.0,0,0.0,0,0.0
psa022,43,2.7599486521181,0,0.0,1515,97.24005134788189,43,2.7599486521181,0,0.0,0,0.0,0,0.0,0,0.0,0,0.0,0,0.0,0,0.0,0,0.0,0,0.0,0,0.0,0,0.0,0,0.0,0,0.0,0,0.0,0,0.0,0,0.0,0,0.0,0,0.0,0,0.0,0,0.0,0,0.0,0,0.0
psa022a,36,2.3106546854942236,0,0.0,1522,97.68934531450579,36,2.3106546854942236,0,0.0,0,0.0,0,0.0,0,0.0,0,0.0,0,0.0,0,0.0,0,0.0,0,0.0,0,0.0,0,0.0,0,0.0,0,0.0,0,0.0,0,0.0,0,0.0,0,0.0,0,0.0,0,0.0,0,0.0,0,0.0,0,0.0
psa023,549,35.23748395378691,0,0.0,1009,64.7625160462131,407,26.12323491655969,0,0.0,130,8.34403080872914,0,0.0,0,0.0,0,0.0,0,0.0,0,0.0,0,0.0,12,0.7702182284980745,0,0.0,0,0.0,0,0.0,0,0.0,0,0.0,0,0.0,0,0.0,0,0.0,0,0.0,0,0.0,0,0.0,0,0.0,0,0.0
psa023ay,130,8.34403080872914,88,5.648267008985879,1428,91.65596919127086,0,0.0,0,0.0,0,0.0,0,0.0,0,0.0,28,1.797175866495507,19,1.2195121951219512,20,1.2836970474967908,10,0.6418485237483954,9,0.5776636713735559,9,0.5776636713735559,7,0.4492939666238768,6,0.38510911424903727,3,0.19255455712451863,7,0.4492939666238768,5,0.3209242618741977,1,0.06418485237483953,2,0.12836970474967907,0,0.0,0,0.0,1,0.06418485237483953,0,0.0,3,0.19255455712451863
psa023az,2,0.12836970474967907,1,0.06418485237483953,1556,99.87163029525033,0,0.0,0,0.0,0,0.0,0,0.0,0,0.0,0,0.0,0,0.0,0,0.0,0,0.0,0,0.0,0,0.0,0,0.0,0,0.0,0,0.0,0,0.0,0,0.0,0,0.0,0,0.0,0,0.0,1,0.06418485237483953,0,0.0,0,0.0,1,0.06418485237483953
