question,cnt_non_nan,pct_non_nan,cnt_non_standard,pct_non_standard,cnt_nan,pct_nan,cnt_0_NO,pct_0_NO,cnt_1,pct_1,cnt_2_SI,pct_2_SI,cnt_3_AV/A,pct_3_AV/A,cnt_4,pct_4,cnt_7_NR,pct_7_NR,cnt_8_NA,pct_8_NA,cnt_9_NS,pct_9_NS,cnt_10,pct_10,cnt_11,pct_11,cnt_13,pct_13,cnt_14,pct_14,cnt_15,pct_15,cnt_16,pct_16,cnt_17,pct_17,cnt_18,pct_18
psu001,1556,99.87163029525033,0,0.0,2,0.12836970474967907,1552,99.61489088575097,0,0.0,3,0.19255455712451863,0,0.0,0,0.0,0,0.0,0,0.0,1,0.06418485237483953,0,0.0,0,0.0,0,0.0,0,0.0,0,0.0,0,0.0,0,0.0,0,0.0
psu001a,3,0.19255455712451863,0,0.0,1555,99.80744544287549,3,0.19255455712451863,0,0.0,0,0.0,0,0.0,0,0.0,0,0.0,0,0.0,0,0.0,0,0.0,0,0.0,0,0.0,0,0.0,0,0.0,0,0.0,0,0.0,0,0.0
psu001by,3,0.19255455712451863,3,0.19255455712451863,1555,99.80744544287549,0,0.0,0,0.0,0,0.0,0,0.0,0,0.0,0,0.0,0,0.0,0,0.0,0,0.0,1,0.06418485237483953,0,0.0,1,0.06418485237483953,0,0.0,0,0.0,1,0.06418485237483953,0,0.0
psu001bz,0,0.0,0,0.0,1558,100.0,0,0.0,0,0.0,0,0.0,0,0.0,0,0.0,0,0.0,0,0.0,0,0.0,0,0.0,0,0.0,0,0.0,0,0.0,0,0.0,0,0.0,0,0.0,0,0.0
psu001c,2,0.12836970474967907,0,0.0,1556,99.87163029525033,2,0.12836970474967907,0,0.0,0,0.0,0,0.0,0,0.0,0,0.0,0,0.0,0,0.0,0,0.0,0,0.0,0,0.0,0,0.0,0,0.0,0,0.0,0,0.0,0,0.0
psu001d,1,0.06418485237483953,0,0.0,1557,99.93581514762516,1,0.06418485237483953,0,0.0,0,0.0,0,0.0,0,0.0,0,0.0,0,0.0,0,0.0,0,0.0,0,0.0,0,0.0,0,0.0,0,0.0,0,0.0,0,0.0,0,0.0
psu001e,3,0.19255455712451863,0,0.0,1555,99.80744544287549,3,0.19255455712451863,0,0.0,0,0.0,0,0.0,0,0.0,0,0.0,0,0.0,0,0.0,0,0.0,0,0.0,0,0.0,0,0.0,0,0.0,0,0.0,0,0.0,0,0.0
psu001f,0,0.0,0,0.0,1558,100.0,0,0.0,0,0.0,0,0.0,0,0.0,0,0.0,0,0.0,0,0.0,0,0.0,0,0.0,0,0.0,0,0.0,0,0.0,0,0.0,0,0.0,0,0.0,0,0.0
psu001g,0,0.0,0,0.0,1558,100.0,0,0.0,0,0.0,0,0.0,0,0.0,0,0.0,0,0.0,0,0.0,0,0.0,0,0.0,0,0.0,0,0.0,0,0.0,0,0.0,0,0.0,0,0.0,0,0.0
psu001h,0,0.0,0,0.0,1558,100.0,0,0.0,0,0.0,0,0.0,0,0.0,0,0.0,0,0.0,0,0.0,0,0.0,0,0.0,0,0.0,0,0.0,0,0.0,0,0.0,0,0.0,0,0.0,0,0.0
psu001i,0,0.0,0,0.0,1558,100.0,0,0.0,0,0.0,0,0.0,0,0.0,0,0.0,0,0.0,0,0.0,0,0.0,0,0.0,0,0.0,0,0.0,0,0.0,0,0.0,0,0.0,0,0.0,0,0.0
psu002,1556,99.87163029525033,0,0.0,2,0.12836970474967907,1551,99.55070603337613,0,0.0,3,0.19255455712451863,0,0.0,0,0.0,1,0.06418485237483953,0,0.0,1,0.06418485237483953,0,0.0,0,0.0,0,0.0,0,0.0,0,0.0,0,0.0,0,0.0,0,0.0
psu002a,3,0.19255455712451863,0,0.0,1555,99.80744544287549,3,0.19255455712451863,0,0.0,0,0.0,0,0.0,0,0.0,0,0.0,0,0.0,0,0.0,0,0.0,0,0.0,0,0.0,0,0.0,0,0.0,0,0.0,0,0.0,0,0.0
psu002by,3,0.19255455712451863,3,0.19255455712451863,1555,99.80744544287549,0,0.0,0,0.0,0,0.0,0,0.0,0,0.0,0,0.0,0,0.0,0,0.0,0,0.0,0,0.0,0,0.0,1,0.06418485237483953,0,0.0,1,0.06418485237483953,1,0.06418485237483953,0,0.0
psu002bz,0,0.0,0,0.0,1558,100.0,0,0.0,0,0.0,0,0.0,0,0.0,0,0.0,0,0.0,0,0.0,0,0.0,0,0.0,0,0.0,0,0.0,0,0.0,0,0.0,0,0.0,0,0.0,0,0.0
psu002c,3,0.19255455712451863,0,0.0,1555,99.80744544287549,0,0.0,0,0.0,3,0.19255455712451863,0,0.0,0,0.0,0,0.0,0,0.0,0,0.0,0,0.0,0,0.0,0,0.0,0,0.0,0,0.0,0,0.0,0,0.0,0,0.0
psu002d,3,0.19255455712451863,0,0.0,1555,99.80744544287549,2,0.12836970474967907,0,0.0,1,0.06418485237483953,0,0.0,0,0.0,0,0.0,0,0.0,0,0.0,0,0.0,0,0.0,0,0.0,0,0.0,0,0.0,0,0.0,0,0.0,0,0.0
psu002e,2,0.12836970474967907,0,0.0,1556,99.87163029525033,2,0.12836970474967907,0,0.0,0,0.0,0,0.0,0,0.0,0,0.0,0,0.0,0,0.0,0,0.0,0,0.0,0,0.0,0,0.0,0,0.0,0,0.0,0,0.0,0,0.0
psu002f,0,0.0,0,0.0,1558,100.0,0,0.0,0,0.0,0,0.0,0,0.0,0,0.0,0,0.0,0,0.0,0,0.0,0,0.0,0,0.0,0,0.0,0,0.0,0,0.0,0,0.0,0,0.0,0,0.0
psu002g,1,0.06418485237483953,0,0.0,1557,99.93581514762516,0,0.0,0,0.0,1,0.06418485237483953,0,0.0,0,0.0,0,0.0,0,0.0,0,0.0,0,0.0,0,0.0,0,0.0,0,0.0,0,0.0,0,0.0,0,0.0,0,0.0
psu002h,0,0.0,0,0.0,1558,100.0,0,0.0,0,0.0,0,0.0,0,0.0,0,0.0,0,0.0,0,0.0,0,0.0,0,0.0,0,0.0,0,0.0,0,0.0,0,0.0,0,0.0,0,0.0,0,0.0
psu002i,1,0.06418485237483953,1,0.06418485237483953,1557,99.93581514762516,0,0.0,1,0.06418485237483953,0,0.0,0,0.0,0,0.0,0,0.0,0,0.0,0,0.0,0,0.0,0,0.0,0,0.0,0,0.0,0,0.0,0,0.0,0,0.0,0,0.0
psu003,1556,99.87163029525033,0,0.0,2,0.12836970474967907,1543,99.03722721437741,0,0.0,12,0.7702182284980745,0,0.0,0,0.0,0,0.0,0,0.0,1,0.06418485237483953,0,0.0,0,0.0,0,0.0,0,0.0,0,0.0,0,0.0,0,0.0,0,0.0
psu003a,12,0.7702182284980745,0,0.0,1546,99.22978177150192,12,0.7702182284980745,0,0.0,0,0.0,0,0.0,0,0.0,0,0.0,0,0.0,0,0.0,0,0.0,0,0.0,0,0.0,0,0.0,0,0.0,0,0.0,0,0.0,0,0.0
psu003by,12,0.7702182284980745,12,0.7702182284980745,1546,99.22978177150192,0,0.0,0,0.0,0,0.0,0,0.0,0,0.0,0,0.0,0,0.0,0,0.0,1,0.06418485237483953,0,0.0,0,0.0,0,0.0,3,0.19255455712451863,4,0.25673940949935814,3,0.19255455712451863,1,0.06418485237483953
psu003bz,0,0.0,0,0.0,1558,100.0,0,0.0,0,0.0,0,0.0,0,0.0,0,0.0,0,0.0,0,0.0,0,0.0,0,0.0,0,0.0,0,0.0,0,0.0,0,0.0,0,0.0,0,0.0,0,0.0
psu003c,8,0.5134788189987163,0,0.0,1550,99.48652118100128,5,0.3209242618741977,0,0.0,3,0.19255455712451863,0,0.0,0,0.0,0,0.0,0,0.0,0,0.0,0,0.0,0,0.0,0,0.0,0,0.0,0,0.0,0,0.0,0,0.0,0,0.0
psu003d,7,0.4492939666238768,0,0.0,1551,99.55070603337613,3,0.19255455712451863,0,0.0,4,0.25673940949935814,0,0.0,0,0.0,0,0.0,0,0.0,0,0.0,0,0.0,0,0.0,0,0.0,0,0.0,0,0.0,0,0.0,0,0.0,0,0.0
psu003e,8,0.5134788189987163,0,0.0,1550,99.48652118100128,8,0.5134788189987163,0,0.0,0,0.0,0,0.0,0,0.0,0,0.0,0,0.0,0,0.0,0,0.0,0,0.0,0,0.0,0,0.0,0,0.0,0,0.0,0,0.0,0,0.0
psu003f,0,0.0,0,0.0,1558,100.0,0,0.0,0,0.0,0,0.0,0,0.0,0,0.0,0,0.0,0,0.0,0,0.0,0,0.0,0,0.0,0,0.0,0,0.0,0,0.0,0,0.0,0,0.0,0,0.0
psu003g,4,0.25673940949935814,0,0.0,1554,99.74326059050064,0,0.0,0,0.0,4,0.25673940949935814,0,0.0,0,0.0,0,0.0,0,0.0,0,0.0,0,0.0,0,0.0,0,0.0,0,0.0,0,0.0,0,0.0,0,0.0,0,0.0
psu003h,0,0.0,0,0.0,1558,100.0,0,0.0,0,0.0,0,0.0,0,0.0,0,0.0,0,0.0,0,0.0,0,0.0,0,0.0,0,0.0,0,0.0,0,0.0,0,0.0,0,0.0,0,0.0,0,0.0
psu003i,4,0.25673940949935814,1,0.06418485237483953,1554,99.74326059050064,0,0.0,0,0.0,2,0.12836970474967907,1,0.06418485237483953,1,0.06418485237483953,0,0.0,0,0.0,0,0.0,0,0.0,0,0.0,0,0.0,0,0.0,0,0.0,0,0.0,0,0.0,0,0.0
psu004,1556,99.87163029525033,0,0.0,2,0.12836970474967907,1555,99.80744544287549,0,0.0,0,0.0,0,0.0,0,0.0,0,0.0,0,0.0,1,0.06418485237483953,0,0.0,0,0.0,0,0.0,0,0.0,0,0.0,0,0.0,0,0.0,0,0.0
psu004ay,0,0.0,0,0.0,1558,100.0,0,0.0,0,0.0,0,0.0,0,0.0,0,0.0,0,0.0,0,0.0,0,0.0,0,0.0,0,0.0,0,0.0,0,0.0,0,0.0,0,0.0,0,0.0,0,0.0
psu004az,0,0.0,0,0.0,1558,100.0,0,0.0,0,0.0,0,0.0,0,0.0,0,0.0,0,0.0,0,0.0,0,0.0,0,0.0,0,0.0,0,0.0,0,0.0,0,0.0,0,0.0,0,0.0,0,0.0
psu004b,0,0.0,0,0.0,1558,100.0,0,0.0,0,0.0,0,0.0,0,0.0,0,0.0,0,0.0,0,0.0,0,0.0,0,0.0,0,0.0,0,0.0,0,0.0,0,0.0,0,0.0,0,0.0,0,0.0
psu004c,0,0.0,0,0.0,1558,100.0,0,0.0,0,0.0,0,0.0,0,0.0,0,0.0,0,0.0,0,0.0,0,0.0,0,0.0,0,0.0,0,0.0,0,0.0,0,0.0,0,0.0,0,0.0,0,0.0
psu004d,0,0.0,0,0.0,1558,100.0,0,0.0,0,0.0,0,0.0,0,0.0,0,0.0,0,0.0,0,0.0,0,0.0,0,0.0,0,0.0,0,0.0,0,0.0,0,0.0,0,0.0,0,0.0,0,0.0
psu004e,0,0.0,0,0.0,1558,100.0,0,0.0,0,0.0,0,0.0,0,0.0,0,0.0,0,0.0,0,0.0,0,0.0,0,0.0,0,0.0,0,0.0,0,0.0,0,0.0,0,0.0,0,0.0,0,0.0
psu004f,0,0.0,0,0.0,1558,100.0,0,0.0,0,0.0,0,0.0,0,0.0,0,0.0,0,0.0,0,0.0,0,0.0,0,0.0,0,0.0,0,0.0,0,0.0,0,0.0,0,0.0,0,0.0,0,0.0
psu004g,0,0.0,0,0.0,1558,100.0,0,0.0,0,0.0,0,0.0,0,0.0,0,0.0,0,0.0,0,0.0,0,0.0,0,0.0,0,0.0,0,0.0,0,0.0,0,0.0,0,0.0,0,0.0,0,0.0
psu004h,0,0.0,0,0.0,1558,100.0,0,0.0,0,0.0,0,0.0,0,0.0,0,0.0,0,0.0,0,0.0,0,0.0,0,0.0,0,0.0,0,0.0,0,0.0,0,0.0,0,0.0,0,0.0,0,0.0
psu005,1556,99.87163029525033,0,0.0,2,0.12836970474967907,1555,99.80744544287549,0,0.0,0,0.0,0,0.0,0,0.0,0,0.0,0,0.0,1,0.06418485237483953,0,0.0,0,0.0,0,0.0,0,0.0,0,0.0,0,0.0,0,0.0,0,0.0
psu005a,0,0.0,0,0.0,1558,100.0,0,0.0,0,0.0,0,0.0,0,0.0,0,0.0,0,0.0,0,0.0,0,0.0,0,0.0,0,0.0,0,0.0,0,0.0,0,0.0,0,0.0,0,0.0,0,0.0
psu005by,0,0.0,0,0.0,1558,100.0,0,0.0,0,0.0,0,0.0,0,0.0,0,0.0,0,0.0,0,0.0,0,0.0,0,0.0,0,0.0,0,0.0,0,0.0,0,0.0,0,0.0,0,0.0,0,0.0
psu005bz,0,0.0,0,0.0,1558,100.0,0,0.0,0,0.0,0,0.0,0,0.0,0,0.0,0,0.0,0,0.0,0,0.0,0,0.0,0,0.0,0,0.0,0,0.0,0,0.0,0,0.0,0,0.0,0,0.0
psu005c,0,0.0,0,0.0,1558,100.0,0,0.0,0,0.0,0,0.0,0,0.0,0,0.0,0,0.0,0,0.0,0,0.0,0,0.0,0,0.0,0,0.0,0,0.0,0,0.0,0,0.0,0,0.0,0,0.0
psu005d,0,0.0,0,0.0,1558,100.0,0,0.0,0,0.0,0,0.0,0,0.0,0,0.0,0,0.0,0,0.0,0,0.0,0,0.0,0,0.0,0,0.0,0,0.0,0,0.0,0,0.0,0,0.0,0,0.0
psu005e,0,0.0,0,0.0,1558,100.0,0,0.0,0,0.0,0,0.0,0,0.0,0,0.0,0,0.0,0,0.0,0,0.0,0,0.0,0,0.0,0,0.0,0,0.0,0,0.0,0,0.0,0,0.0,0,0.0
psu005f,0,0.0,0,0.0,1558,100.0,0,0.0,0,0.0,0,0.0,0,0.0,0,0.0,0,0.0,0,0.0,0,0.0,0,0.0,0,0.0,0,0.0,0,0.0,0,0.0,0,0.0,0,0.0,0,0.0
psu005g,0,0.0,0,0.0,1558,100.0,0,0.0,0,0.0,0,0.0,0,0.0,0,0.0,0,0.0,0,0.0,0,0.0,0,0.0,0,0.0,0,0.0,0,0.0,0,0.0,0,0.0,0,0.0,0,0.0
psu005h,0,0.0,0,0.0,1558,100.0,0,0.0,0,0.0,0,0.0,0,0.0,0,0.0,0,0.0,0,0.0,0,0.0,0,0.0,0,0.0,0,0.0,0,0.0,0,0.0,0,0.0,0,0.0,0,0.0
psu005i,0,0.0,0,0.0,1558,100.0,0,0.0,0,0.0,0,0.0,0,0.0,0,0.0,0,0.0,0,0.0,0,0.0,0,0.0,0,0.0,0,0.0,0,0.0,0,0.0,0,0.0,0,0.0,0,0.0
psu006,1556,99.87163029525033,0,0.0,2,0.12836970474967907,1555,99.80744544287549,0,0.0,0,0.0,0,0.0,0,0.0,0,0.0,0,0.0,1,0.06418485237483953,0,0.0,0,0.0,0,0.0,0,0.0,0,0.0,0,0.0,0,0.0,0,0.0
psu006ay,0,0.0,0,0.0,1558,100.0,0,0.0,0,0.0,0,0.0,0,0.0,0,0.0,0,0.0,0,0.0,0,0.0,0,0.0,0,0.0,0,0.0,0,0.0,0,0.0,0,0.0,0,0.0,0,0.0
psu006az,0,0.0,0,0.0,1558,100.0,0,0.0,0,0.0,0,0.0,0,0.0,0,0.0,0,0.0,0,0.0,0,0.0,0,0.0,0,0.0,0,0.0,0,0.0,0,0.0,0,0.0,0,0.0,0,0.0
psu006b,0,0.0,0,0.0,1558,100.0,0,0.0,0,0.0,0,0.0,0,0.0,0,0.0,0,0.0,0,0.0,0,0.0,0,0.0,0,0.0,0,0.0,0,0.0,0,0.0,0,0.0,0,0.0,0,0.0
psu006c,0,0.0,0,0.0,1558,100.0,0,0.0,0,0.0,0,0.0,0,0.0,0,0.0,0,0.0,0,0.0,0,0.0,0,0.0,0,0.0,0,0.0,0,0.0,0,0.0,0,0.0,0,0.0,0,0.0
psu006d,0,0.0,0,0.0,1558,100.0,0,0.0,0,0.0,0,0.0,0,0.0,0,0.0,0,0.0,0,0.0,0,0.0,0,0.0,0,0.0,0,0.0,0,0.0,0,0.0,0,0.0,0,0.0,0,0.0
psu006e,0,0.0,0,0.0,1558,100.0,0,0.0,0,0.0,0,0.0,0,0.0,0,0.0,0,0.0,0,0.0,0,0.0,0,0.0,0,0.0,0,0.0,0,0.0,0,0.0,0,0.0,0,0.0,0,0.0
psu006f,0,0.0,0,0.0,1558,100.0,0,0.0,0,0.0,0,0.0,0,0.0,0,0.0,0,0.0,0,0.0,0,0.0,0,0.0,0,0.0,0,0.0,0,0.0,0,0.0,0,0.0,0,0.0,0,0.0
psu006g,0,0.0,0,0.0,1558,100.0,0,0.0,0,0.0,0,0.0,0,0.0,0,0.0,0,0.0,0,0.0,0,0.0,0,0.0,0,0.0,0,0.0,0,0.0,0,0.0,0,0.0,0,0.0,0,0.0
psu006h,0,0.0,0,0.0,1558,100.0,0,0.0,0,0.0,0,0.0,0,0.0,0,0.0,0,0.0,0,0.0,0,0.0,0,0.0,0,0.0,0,0.0,0,0.0,0,0.0,0,0.0,0,0.0,0,0.0
psu007,1556,99.87163029525033,0,0.0,2,0.12836970474967907,1554,99.74326059050064,0,0.0,1,0.06418485237483953,0,0.0,0,0.0,0,0.0,0,0.0,1,0.06418485237483953,0,0.0,0,0.0,0,0.0,0,0.0,0,0.0,0,0.0,0,0.0,0,0.0
psu007a,1,0.06418485237483953,0,0.0,1557,99.93581514762516,1,0.06418485237483953,0,0.0,0,0.0,0,0.0,0,0.0,0,0.0,0,0.0,0,0.0,0,0.0,0,0.0,0,0.0,0,0.0,0,0.0,0,0.0,0,0.0,0,0.0
psu007by,1,0.06418485237483953,1,0.06418485237483953,1557,99.93581514762516,0,0.0,0,0.0,0,0.0,0,0.0,0,0.0,0,0.0,0,0.0,0,0.0,0,0.0,0,0.0,0,0.0,0,0.0,0,0.0,1,0.06418485237483953,0,0.0,0,0.0
psu007bz,0,0.0,0,0.0,1558,100.0,0,0.0,0,0.0,0,0.0,0,0.0,0,0.0,0,0.0,0,0.0,0,0.0,0,0.0,0,0.0,0,0.0,0,0.0,0,0.0,0,0.0,0,0.0,0,0.0
psu007c,1,0.06418485237483953,0,0.0,1557,99.93581514762516,0,0.0,0,0.0,1,0.06418485237483953,0,0.0,0,0.0,0,0.0,0,0.0,0,0.0,0,0.0,0,0.0,0,0.0,0,0.0,0,0.0,0,0.0,0,0.0,0,0.0
psu007d,1,0.06418485237483953,0,0.0,1557,99.93581514762516,1,0.06418485237483953,0,0.0,0,0.0,0,0.0,0,0.0,0,0.0,0,0.0,0,0.0,0,0.0,0,0.0,0,0.0,0,0.0,0,0.0,0,0.0,0,0.0,0,0.0
psu007e,1,0.06418485237483953,0,0.0,1557,99.93581514762516,1,0.06418485237483953,0,0.0,0,0.0,0,0.0,0,0.0,0,0.0,0,0.0,0,0.0,0,0.0,0,0.0,0,0.0,0,0.0,0,0.0,0,0.0,0,0.0,0,0.0
psu007f,0,0.0,0,0.0,1558,100.0,0,0.0,0,0.0,0,0.0,0,0.0,0,0.0,0,0.0,0,0.0,0,0.0,0,0.0,0,0.0,0,0.0,0,0.0,0,0.0,0,0.0,0,0.0,0,0.0
psu007g,0,0.0,0,0.0,1558,100.0,0,0.0,0,0.0,0,0.0,0,0.0,0,0.0,0,0.0,0,0.0,0,0.0,0,0.0,0,0.0,0,0.0,0,0.0,0,0.0,0,0.0,0,0.0,0,0.0
psu007h,0,0.0,0,0.0,1558,100.0,0,0.0,0,0.0,0,0.0,0,0.0,0,0.0,0,0.0,0,0.0,0,0.0,0,0.0,0,0.0,0,0.0,0,0.0,0,0.0,0,0.0,0,0.0,0,0.0
psu007i,0,0.0,0,0.0,1558,100.0,0,0.0,0,0.0,0,0.0,0,0.0,0,0.0,0,0.0,0,0.0,0,0.0,0,0.0,0,0.0,0,0.0,0,0.0,0,0.0,0,0.0,0,0.0,0,0.0
psu008,1556,99.87163029525033,0,0.0,2,0.12836970474967907,1555,99.80744544287549,0,0.0,0,0.0,0,0.0,0,0.0,0,0.0,0,0.0,1,0.06418485237483953,0,0.0,0,0.0,0,0.0,0,0.0,0,0.0,0,0.0,0,0.0,0,0.0
psu008a,0,0.0,0,0.0,1558,100.0,0,0.0,0,0.0,0,0.0,0,0.0,0,0.0,0,0.0,0,0.0,0,0.0,0,0.0,0,0.0,0,0.0,0,0.0,0,0.0,0,0.0,0,0.0,0,0.0
psu008by,0,0.0,0,0.0,1558,100.0,0,0.0,0,0.0,0,0.0,0,0.0,0,0.0,0,0.0,0,0.0,0,0.0,0,0.0,0,0.0,0,0.0,0,0.0,0,0.0,0,0.0,0,0.0,0,0.0
psu008bz,0,0.0,0,0.0,1558,100.0,0,0.0,0,0.0,0,0.0,0,0.0,0,0.0,0,0.0,0,0.0,0,0.0,0,0.0,0,0.0,0,0.0,0,0.0,0,0.0,0,0.0,0,0.0,0,0.0
psu008c,0,0.0,0,0.0,1558,100.0,0,0.0,0,0.0,0,0.0,0,0.0,0,0.0,0,0.0,0,0.0,0,0.0,0,0.0,0,0.0,0,0.0,0,0.0,0,0.0,0,0.0,0,0.0,0,0.0
psu008d,0,0.0,0,0.0,1558,100.0,0,0.0,0,0.0,0,0.0,0,0.0,0,0.0,0,0.0,0,0.0,0,0.0,0,0.0,0,0.0,0,0.0,0,0.0,0,0.0,0,0.0,0,0.0,0,0.0
psu008e,0,0.0,0,0.0,1558,100.0,0,0.0,0,0.0,0,0.0,0,0.0,0,0.0,0,0.0,0,0.0,0,0.0,0,0.0,0,0.0,0,0.0,0,0.0,0,0.0,0,0.0,0,0.0,0,0.0
psu008f,0,0.0,0,0.0,1558,100.0,0,0.0,0,0.0,0,0.0,0,0.0,0,0.0,0,0.0,0,0.0,0,0.0,0,0.0,0,0.0,0,0.0,0,0.0,0,0.0,0,0.0,0,0.0,0,0.0
psu008g,0,0.0,0,0.0,1558,100.0,0,0.0,0,0.0,0,0.0,0,0.0,0,0.0,0,0.0,0,0.0,0,0.0,0,0.0,0,0.0,0,0.0,0,0.0,0,0.0,0,0.0,0,0.0,0,0.0
psu008h,0,0.0,0,0.0,1558,100.0,0,0.0,0,0.0,0,0.0,0,0.0,0,0.0,0,0.0,0,0.0,0,0.0,0,0.0,0,0.0,0,0.0,0,0.0,0,0.0,0,0.0,0,0.0,0,0.0
psu008i,0,0.0,0,0.0,1558,100.0,0,0.0,0,0.0,0,0.0,0,0.0,0,0.0,0,0.0,0,0.0,0,0.0,0,0.0,0,0.0,0,0.0,0,0.0,0,0.0,0,0.0,0,0.0,0,0.0
psu009,1556,99.87163029525033,0,0.0,2,0.12836970474967907,1553,99.6790757381258,0,0.0,2,0.12836970474967907,0,0.0,0,0.0,0,0.0,0,0.0,1,0.06418485237483953,0,0.0,0,0.0,0,0.0,0,0.0,0,0.0,0,0.0,0,0.0,0,0.0
psu009a,2,0.12836970474967907,0,0.0,1556,99.87163029525033,2,0.12836970474967907,0,0.0,0,0.0,0,0.0,0,0.0,0,0.0,0,0.0,0,0.0,0,0.0,0,0.0,0,0.0,0,0.0,0,0.0,0,0.0,0,0.0,0,0.0
psu009by,2,0.12836970474967907,2,0.12836970474967907,1556,99.87163029525033,0,0.0,0,0.0,0,0.0,0,0.0,0,0.0,0,0.0,0,0.0,0,0.0,0,0.0,0,0.0,1,0.06418485237483953,0,0.0,1,0.06418485237483953,0,0.0,0,0.0,0,0.0
psu009bz,0,0.0,0,0.0,1558,100.0,0,0.0,0,0.0,0,0.0,0,0.0,0,0.0,0,0.0,0,0.0,0,0.0,0,0.0,0,0.0,0,0.0,0,0.0,0,0.0,0,0.0,0,0.0,0,0.0
psu009c,2,0.12836970474967907,0,0.0,1556,99.87163029525033,2,0.12836970474967907,0,0.0,0,0.0,0,0.0,0,0.0,0,0.0,0,0.0,0,0.0,0,0.0,0,0.0,0,0.0,0,0.0,0,0.0,0,0.0,0,0.0,0,0.0
psu009d,0,0.0,0,0.0,1558,100.0,0,0.0,0,0.0,0,0.0,0,0.0,0,0.0,0,0.0,0,0.0,0,0.0,0,0.0,0,0.0,0,0.0,0,0.0,0,0.0,0,0.0,0,0.0,0,0.0
psu009e,2,0.12836970474967907,0,0.0,1556,99.87163029525033,2,0.12836970474967907,0,0.0,0,0.0,0,0.0,0,0.0,0,0.0,0,0.0,0,0.0,0,0.0,0,0.0,0,0.0,0,0.0,0,0.0,0,0.0,0,0.0,0,0.0
psu009f,0,0.0,0,0.0,1558,100.0,0,0.0,0,0.0,0,0.0,0,0.0,0,0.0,0,0.0,0,0.0,0,0.0,0,0.0,0,0.0,0,0.0,0,0.0,0,0.0,0,0.0,0,0.0,0,0.0
psu009g,0,0.0,0,0.0,1558,100.0,0,0.0,0,0.0,0,0.0,0,0.0,0,0.0,0,0.0,0,0.0,0,0.0,0,0.0,0,0.0,0,0.0,0,0.0,0,0.0,0,0.0,0,0.0,0,0.0
psu009h,0,0.0,0,0.0,1558,100.0,0,0.0,0,0.0,0,0.0,0,0.0,0,0.0,0,0.0,0,0.0,0,0.0,0,0.0,0,0.0,0,0.0,0,0.0,0,0.0,0,0.0,0,0.0,0,0.0
psu009i,0,0.0,0,0.0,1558,100.0,0,0.0,0,0.0,0,0.0,0,0.0,0,0.0,0,0.0,0,0.0,0,0.0,0,0.0,0,0.0,0,0.0,0,0.0,0,0.0,0,0.0,0,0.0,0,0.0
psu010,1556,99.87163029525033,0,0.0,2,0.12836970474967907,1554,99.74326059050064,0,0.0,1,0.06418485237483953,0,0.0,0,0.0,0,0.0,0,0.0,1,0.06418485237483953,0,0.0,0,0.0,0,0.0,0,0.0,0,0.0,0,0.0,0,0.0,0,0.0
psu010ay,1,0.06418485237483953,1,0.06418485237483953,1557,99.93581514762516,0,0.0,0,0.0,0,0.0,0,0.0,0,0.0,0,0.0,0,0.0,0,0.0,0,0.0,0,0.0,1,0.06418485237483953,0,0.0,0,0.0,0,0.0,0,0.0,0,0.0
psu010az,0,0.0,0,0.0,1558,100.0,0,0.0,0,0.0,0,0.0,0,0.0,0,0.0,0,0.0,0,0.0,0,0.0,0,0.0,0,0.0,0,0.0,0,0.0,0,0.0,0,0.0,0,0.0,0,0.0
psu010b,1,0.06418485237483953,0,0.0,1557,99.93581514762516,1,0.06418485237483953,0,0.0,0,0.0,0,0.0,0,0.0,0,0.0,0,0.0,0,0.0,0,0.0,0,0.0,0,0.0,0,0.0,0,0.0,0,0.0,0,0.0,0,0.0
psu010c,0,0.0,0,0.0,1558,100.0,0,0.0,0,0.0,0,0.0,0,0.0,0,0.0,0,0.0,0,0.0,0,0.0,0,0.0,0,0.0,0,0.0,0,0.0,0,0.0,0,0.0,0,0.0,0,0.0
psu010d,1,0.06418485237483953,0,0.0,1557,99.93581514762516,1,0.06418485237483953,0,0.0,0,0.0,0,0.0,0,0.0,0,0.0,0,0.0,0,0.0,0,0.0,0,0.0,0,0.0,0,0.0,0,0.0,0,0.0,0,0.0,0,0.0
psu010e,0,0.0,0,0.0,1558,100.0,0,0.0,0,0.0,0,0.0,0,0.0,0,0.0,0,0.0,0,0.0,0,0.0,0,0.0,0,0.0,0,0.0,0,0.0,0,0.0,0,0.0,0,0.0,0,0.0
psu010f,0,0.0,0,0.0,1558,100.0,0,0.0,0,0.0,0,0.0,0,0.0,0,0.0,0,0.0,0,0.0,0,0.0,0,0.0,0,0.0,0,0.0,0,0.0,0,0.0,0,0.0,0,0.0,0,0.0
psu010g,0,0.0,0,0.0,1558,100.0,0,0.0,0,0.0,0,0.0,0,0.0,0,0.0,0,0.0,0,0.0,0,0.0,0,0.0,0,0.0,0,0.0,0,0.0,0,0.0,0,0.0,0,0.0,0,0.0
psu010h,0,0.0,0,0.0,1558,100.0,0,0.0,0,0.0,0,0.0,0,0.0,0,0.0,0,0.0,0,0.0,0,0.0,0,0.0,0,0.0,0,0.0,0,0.0,0,0.0,0,0.0,0,0.0,0,0.0
psu011,1556,99.87163029525033,0,0.0,2,0.12836970474967907,1550,99.48652118100128,0,0.0,5,0.3209242618741977,0,0.0,0,0.0,0,0.0,0,0.0,1,0.06418485237483953,0,0.0,0,0.0,0,0.0,0,0.0,0,0.0,0,0.0,0,0.0,0,0.0
psu011a,5,0.3209242618741977,0,0.0,1553,99.6790757381258,5,0.3209242618741977,0,0.0,0,0.0,0,0.0,0,0.0,0,0.0,0,0.0,0,0.0,0,0.0,0,0.0,0,0.0,0,0.0,0,0.0,0,0.0,0,0.0,0,0.0
psu011by,5,0.3209242618741977,3,0.19255455712451863,1553,99.6790757381258,0,0.0,0,0.0,0,0.0,0,0.0,0,0.0,0,0.0,1,0.06418485237483953,1,0.06418485237483953,0,0.0,0,0.0,0,0.0,0,0.0,0,0.0,2,0.12836970474967907,1,0.06418485237483953,0,0.0
psu011bz,0,0.0,0,0.0,1558,100.0,0,0.0,0,0.0,0,0.0,0,0.0,0,0.0,0,0.0,0,0.0,0,0.0,0,0.0,0,0.0,0,0.0,0,0.0,0,0.0,0,0.0,0,0.0,0,0.0
psu011c,4,0.25673940949935814,0,0.0,1554,99.74326059050064,2,0.12836970474967907,0,0.0,2,0.12836970474967907,0,0.0,0,0.0,0,0.0,0,0.0,0,0.0,0,0.0,0,0.0,0,0.0,0,0.0,0,0.0,0,0.0,0,0.0,0,0.0
psu011d,3,0.19255455712451863,0,0.0,1555,99.80744544287549,1,0.06418485237483953,0,0.0,2,0.12836970474967907,0,0.0,0,0.0,0,0.0,0,0.0,0,0.0,0,0.0,0,0.0,0,0.0,0,0.0,0,0.0,0,0.0,0,0.0,0,0.0
psu011e,3,0.19255455712451863,0,0.0,1555,99.80744544287549,3,0.19255455712451863,0,0.0,0,0.0,0,0.0,0,0.0,0,0.0,0,0.0,0,0.0,0,0.0,0,0.0,0,0.0,0,0.0,0,0.0,0,0.0,0,0.0,0,0.0
psu011f,0,0.0,0,0.0,1558,100.0,0,0.0,0,0.0,0,0.0,0,0.0,0,0.0,0,0.0,0,0.0,0,0.0,0,0.0,0,0.0,0,0.0,0,0.0,0,0.0,0,0.0,0,0.0,0,0.0
psu011g,2,0.12836970474967907,0,0.0,1556,99.87163029525033,0,0.0,0,0.0,2,0.12836970474967907,0,0.0,0,0.0,0,0.0,0,0.0,0,0.0,0,0.0,0,0.0,0,0.0,0,0.0,0,0.0,0,0.0,0,0.0,0,0.0
psu011h,0,0.0,0,0.0,1558,100.0,0,0.0,0,0.0,0,0.0,0,0.0,0,0.0,0,0.0,0,0.0,0,0.0,0,0.0,0,0.0,0,0.0,0,0.0,0,0.0,0,0.0,0,0.0,0,0.0
psu011i,2,0.12836970474967907,1,0.06418485237483953,1556,99.87163029525033,0,0.0,0,0.0,0,0.0,1,0.06418485237483953,1,0.06418485237483953,0,0.0,0,0.0,0,0.0,0,0.0,0,0.0,0,0.0,0,0.0,0,0.0,0,0.0,0,0.0,0,0.0
psu012,7,0.4492939666238768,0,0.0,1551,99.55070603337613,4,0.25673940949935814,0,0.0,2,0.12836970474967907,0,0.0,0,0.0,0,0.0,1,0.06418485237483953,0,0.0,0,0.0,0,0.0,0,0.0,0,0.0,0,0.0,0,0.0,0,0.0,0,0.0
psu012a,2,0.12836970474967907,0,0.0,1556,99.87163029525033,0,0.0,0,0.0,2,0.12836970474967907,0,0.0,0,0.0,0,0.0,0,0.0,0,0.0,0,0.0,0,0.0,0,0.0,0,0.0,0,0.0,0,0.0,0,0.0,0,0.0
psu013,5,0.3209242618741977,0,0.0,1553,99.6790757381258,1,0.06418485237483953,0,0.0,3,0.19255455712451863,0,0.0,0,0.0,0,0.0,1,0.06418485237483953,0,0.0,0,0.0,0,0.0,0,0.0,0,0.0,0,0.0,0,0.0,0,0.0,0,0.0
psu013a,3,0.19255455712451863,0,0.0,1555,99.80744544287549,1,0.06418485237483953,0,0.0,2,0.12836970474967907,0,0.0,0,0.0,0,0.0,0,0.0,0,0.0,0,0.0,0,0.0,0,0.0,0,0.0,0,0.0,0,0.0,0,0.0,0,0.0
psu014,3,0.19255455712451863,0,0.0,1555,99.80744544287549,2,0.12836970474967907,0,0.0,0,0.0,0,0.0,0,0.0,0,0.0,1,0.06418485237483953,0,0.0,0,0.0,0,0.0,0,0.0,0,0.0,0,0.0,0,0.0,0,0.0,0,0.0
psu014a,0,0.0,0,0.0,1558,100.0,0,0.0,0,0.0,0,0.0,0,0.0,0,0.0,0,0.0,0,0.0,0,0.0,0,0.0,0,0.0,0,0.0,0,0.0,0,0.0,0,0.0,0,0.0,0,0.0
psu015,3,0.19255455712451863,0,0.0,1555,99.80744544287549,3,0.19255455712451863,0,0.0,0,0.0,0,0.0,0,0.0,0,0.0,0,0.0,0,0.0,0,0.0,0,0.0,0,0.0,0,0.0,0,0.0,0,0.0,0,0.0,0,0.0
psu015a,0,0.0,0,0.0,1558,100.0,0,0.0,0,0.0,0,0.0,0,0.0,0,0.0,0,0.0,0,0.0,0,0.0,0,0.0,0,0.0,0,0.0,0,0.0,0,0.0,0,0.0,0,0.0,0,0.0
psu016,7,0.4492939666238768,0,0.0,1551,99.55070603337613,5,0.3209242618741977,0,0.0,2,0.12836970474967907,0,0.0,0,0.0,0,0.0,0,0.0,0,0.0,0,0.0,0,0.0,0,0.0,0,0.0,0,0.0,0,0.0,0,0.0,0,0.0
psu016a,2,0.12836970474967907,0,0.0,1556,99.87163029525033,2,0.12836970474967907,0,0.0,0,0.0,0,0.0,0,0.0,0,0.0,0,0.0,0,0.0,0,0.0,0,0.0,0,0.0,0,0.0,0,0.0,0,0.0,0,0.0,0,0.0
psu017,7,0.4492939666238768,0,0.0,1551,99.55070603337613,5,0.3209242618741977,0,0.0,2,0.12836970474967907,0,0.0,0,0.0,0,0.0,0,0.0,0,0.0,0,0.0,0,0.0,0,0.0,0,0.0,0,0.0,0,0.0,0,0.0,0,0.0
psu017a,2,0.12836970474967907,0,0.0,1556,99.87163029525033,1,0.06418485237483953,0,0.0,1,0.06418485237483953,0,0.0,0,0.0,0,0.0,0,0.0,0,0.0,0,0.0,0,0.0,0,0.0,0,0.0,0,0.0,0,0.0,0,0.0,0,0.0
psu018,6,0.38510911424903727,0,0.0,1552,99.61489088575097,3,0.19255455712451863,0,0.0,3,0.19255455712451863,0,0.0,0,0.0,0,0.0,0,0.0,0,0.0,0,0.0,0,0.0,0,0.0,0,0.0,0,0.0,0,0.0,0,0.0,0,0.0
psu018a,3,0.19255455712451863,0,0.0,1555,99.80744544287549,2,0.12836970474967907,0,0.0,1,0.06418485237483953,0,0.0,0,0.0,0,0.0,0,0.0,0,0.0,0,0.0,0,0.0,0,0.0,0,0.0,0,0.0,0,0.0,0,0.0,0,0.0
psu018b,1,0.06418485237483953,0,0.0,1557,99.93581514762516,0,0.0,0,0.0,1,0.06418485237483953,0,0.0,0,0.0,0,0.0,0,0.0,0,0.0,0,0.0,0,0.0,0,0.0,0,0.0,0,0.0,0,0.0,0,0.0,0,0.0
psu019,7,0.4492939666238768,0,0.0,1551,99.55070603337613,4,0.25673940949935814,0,0.0,3,0.19255455712451863,0,0.0,0,0.0,0,0.0,0,0.0,0,0.0,0,0.0,0,0.0,0,0.0,0,0.0,0,0.0,0,0.0,0,0.0,0,0.0
psu019a,3,0.19255455712451863,0,0.0,1555,99.80744544287549,2,0.12836970474967907,0,0.0,1,0.06418485237483953,0,0.0,0,0.0,0,0.0,0,0.0,0,0.0,0,0.0,0,0.0,0,0.0,0,0.0,0,0.0,0,0.0,0,0.0,0,0.0
psu020,7,0.4492939666238768,0,0.0,1551,99.55070603337613,6,0.38510911424903727,0,0.0,1,0.06418485237483953,0,0.0,0,0.0,0,0.0,0,0.0,0,0.0,0,0.0,0,0.0,0,0.0,0,0.0,0,0.0,0,0.0,0,0.0,0,0.0
psu020a,1,0.06418485237483953,0,0.0,1557,99.93581514762516,0,0.0,0,0.0,1,0.06418485237483953,0,0.0,0,0.0,0,0.0,0,0.0,0,0.0,0,0.0,0,0.0,0,0.0,0,0.0,0,0.0,0,0.0,0,0.0,0,0.0
psu021,7,0.4492939666238768,0,0.0,1551,99.55070603337613,5,0.3209242618741977,0,0.0,2,0.12836970474967907,0,0.0,0,0.0,0,0.0,0,0.0,0,0.0,0,0.0,0,0.0,0,0.0,0,0.0,0,0.0,0,0.0,0,0.0,0,0.0
psu021a,5,0.3209242618741977,0,0.0,1553,99.6790757381258,4,0.25673940949935814,0,0.0,1,0.06418485237483953,0,0.0,0,0.0,0,0.0,0,0.0,0,0.0,0,0.0,0,0.0,0,0.0,0,0.0,0,0.0,0,0.0,0,0.0,0,0.0
psu022,7,0.4492939666238768,0,0.0,1551,99.55070603337613,5,0.3209242618741977,0,0.0,2,0.12836970474967907,0,0.0,0,0.0,0,0.0,0,0.0,0,0.0,0,0.0,0,0.0,0,0.0,0,0.0,0,0.0,0,0.0,0,0.0,0,0.0
psu022a,2,0.12836970474967907,0,0.0,1556,99.87163029525033,1,0.06418485237483953,0,0.0,1,0.06418485237483953,0,0.0,0,0.0,0,0.0,0,0.0,0,0.0,0,0.0,0,0.0,0,0.0,0,0.0,0,0.0,0,0.0,0,0.0,0,0.0
psu022b,5,0.3209242618741977,0,0.0,1553,99.6790757381258,4,0.25673940949935814,0,0.0,1,0.06418485237483953,0,0.0,0,0.0,0,0.0,0,0.0,0,0.0,0,0.0,0,0.0,0,0.0,0,0.0,0,0.0,0,0.0,0,0.0,0,0.0
psu023,7,0.4492939666238768,0,0.0,1551,99.55070603337613,4,0.25673940949935814,0,0.0,3,0.19255455712451863,0,0.0,0,0.0,0,0.0,0,0.0,0,0.0,0,0.0,0,0.0,0,0.0,0,0.0,0,0.0,0,0.0,0,0.0,0,0.0
psu023a,4,0.25673940949935814,0,0.0,1554,99.74326059050064,2,0.12836970474967907,0,0.0,2,0.12836970474967907,0,0.0,0,0.0,0,0.0,0,0.0,0,0.0,0,0.0,0,0.0,0,0.0,0,0.0,0,0.0,0,0.0,0,0.0,0,0.0
psu024,7,0.4492939666238768,0,0.0,1551,99.55070603337613,4,0.25673940949935814,0,0.0,3,0.19255455712451863,0,0.0,0,0.0,0,0.0,0,0.0,0,0.0,0,0.0,0,0.0,0,0.0,0,0.0,0,0.0,0,0.0,0,0.0,0,0.0
psu024a,4,0.25673940949935814,0,0.0,1554,99.74326059050064,2,0.12836970474967907,0,0.0,2,0.12836970474967907,0,0.0,0,0.0,0,0.0,0,0.0,0,0.0,0,0.0,0,0.0,0,0.0,0,0.0,0,0.0,0,0.0,0,0.0,0,0.0
psu024b,2,0.12836970474967907,0,0.0,1556,99.87163029525033,2,0.12836970474967907,0,0.0,0,0.0,0,0.0,0,0.0,0,0.0,0,0.0,0,0.0,0,0.0,0,0.0,0,0.0,0,0.0,0,0.0,0,0.0,0,0.0,0,0.0
psu025,7,0.4492939666238768,0,0.0,1551,99.55070603337613,3,0.19255455712451863,0,0.0,4,0.25673940949935814,0,0.0,0,0.0,0,0.0,0,0.0,0,0.0,0,0.0,0,0.0,0,0.0,0,0.0,0,0.0,0,0.0,0,0.0,0,0.0
psu025a,3,0.19255455712451863,0,0.0,1555,99.80744544287549,3,0.19255455712451863,0,0.0,0,0.0,0,0.0,0,0.0,0,0.0,0,0.0,0,0.0,0,0.0,0,0.0,0,0.0,0,0.0,0,0.0,0,0.0,0,0.0,0,0.0
psu026,7,0.4492939666238768,0,0.0,1551,99.55070603337613,4,0.25673940949935814,0,0.0,3,0.19255455712451863,0,0.0,0,0.0,0,0.0,0,0.0,0,0.0,0,0.0,0,0.0,0,0.0,0,0.0,0,0.0,0,0.0,0,0.0,0,0.0
psu027,7,0.4492939666238768,0,0.0,1551,99.55070603337613,4,0.25673940949935814,0,0.0,3,0.19255455712451863,0,0.0,0,0.0,0,0.0,0,0.0,0,0.0,0,0.0,0,0.0,0,0.0,0,0.0,0,0.0,0,0.0,0,0.0,0,0.0
psu027a,3,0.19255455712451863,0,0.0,1555,99.80744544287549,0,0.0,0,0.0,3,0.19255455712451863,0,0.0,0,0.0,0,0.0,0,0.0,0,0.0,0,0.0,0,0.0,0,0.0,0,0.0,0,0.0,0,0.0,0,0.0,0,0.0
psu028,7,0.4492939666238768,0,0.0,1551,99.55070603337613,7,0.4492939666238768,0,0.0,0,0.0,0,0.0,0,0.0,0,0.0,0,0.0,0,0.0,0,0.0,0,0.0,0,0.0,0,0.0,0,0.0,0,0.0,0,0.0,0,0.0
psu028a,0,0.0,0,0.0,1558,100.0,0,0.0,0,0.0,0,0.0,0,0.0,0,0.0,0,0.0,0,0.0,0,0.0,0,0.0,0,0.0,0,0.0,0,0.0,0,0.0,0,0.0,0,0.0,0,0.0
psu029,4,0.25673940949935814,0,0.0,1554,99.74326059050064,3,0.19255455712451863,0,0.0,1,0.06418485237483953,0,0.0,0,0.0,0,0.0,0,0.0,0,0.0,0,0.0,0,0.0,0,0.0,0,0.0,0,0.0,0,0.0,0,0.0,0,0.0
psu030,1,0.06418485237483953,0,0.0,1557,99.93581514762516,0,0.0,0,0.0,1,0.06418485237483953,0,0.0,0,0.0,0,0.0,0,0.0,0,0.0,0,0.0,0,0.0,0,0.0,0,0.0,0,0.0,0,0.0,0,0.0,0,0.0
psu030a,0,0.0,0,0.0,1558,100.0,0,0.0,0,0.0,0,0.0,0,0.0,0,0.0,0,0.0,0,0.0,0,0.0,0,0.0,0,0.0,0,0.0,0,0.0,0,0.0,0,0.0,0,0.0,0,0.0
psu031,1,0.06418485237483953,0,0.0,1557,99.93581514762516,1,0.06418485237483953,0,0.0,0,0.0,0,0.0,0,0.0,0,0.0,0,0.0,0,0.0,0,0.0,0,0.0,0,0.0,0,0.0,0,0.0,0,0.0,0,0.0,0,0.0
psu031a,0,0.0,0,0.0,1558,100.0,0,0.0,0,0.0,0,0.0,0,0.0,0,0.0,0,0.0,0,0.0,0,0.0,0,0.0,0,0.0,0,0.0,0,0.0,0,0.0,0,0.0,0,0.0,0,0.0
psu032,1,0.06418485237483953,0,0.0,1557,99.93581514762516,1,0.06418485237483953,0,0.0,0,0.0,0,0.0,0,0.0,0,0.0,0,0.0,0,0.0,0,0.0,0,0.0,0,0.0,0,0.0,0,0.0,0,0.0,0,0.0,0,0.0
psu032a,0,0.0,0,0.0,1558,100.0,0,0.0,0,0.0,0,0.0,0,0.0,0,0.0,0,0.0,0,0.0,0,0.0,0,0.0,0,0.0,0,0.0,0,0.0,0,0.0,0,0.0,0,0.0,0,0.0
psu033,1,0.06418485237483953,0,0.0,1557,99.93581514762516,1,0.06418485237483953,0,0.0,0,0.0,0,0.0,0,0.0,0,0.0,0,0.0,0,0.0,0,0.0,0,0.0,0,0.0,0,0.0,0,0.0,0,0.0,0,0.0,0,0.0
psu033a,0,0.0,0,0.0,1558,100.0,0,0.0,0,0.0,0,0.0,0,0.0,0,0.0,0,0.0,0,0.0,0,0.0,0,0.0,0,0.0,0,0.0,0,0.0,0,0.0,0,0.0,0,0.0,0,0.0
psu034,1,0.06418485237483953,0,0.0,1557,99.93581514762516,1,0.06418485237483953,0,0.0,0,0.0,0,0.0,0,0.0,0,0.0,0,0.0,0,0.0,0,0.0,0,0.0,0,0.0,0,0.0,0,0.0,0,0.0,0,0.0,0,0.0
psu034a,0,0.0,0,0.0,1558,100.0,0,0.0,0,0.0,0,0.0,0,0.0,0,0.0,0,0.0,0,0.0,0,0.0,0,0.0,0,0.0,0,0.0,0,0.0,0,0.0,0,0.0,0,0.0,0,0.0
psu035,1,0.06418485237483953,0,0.0,1557,99.93581514762516,0,0.0,0,0.0,1,0.06418485237483953,0,0.0,0,0.0,0,0.0,0,0.0,0,0.0,0,0.0,0,0.0,0,0.0,0,0.0,0,0.0,0,0.0,0,0.0,0,0.0
psu035a,0,0.0,0,0.0,1558,100.0,0,0.0,0,0.0,0,0.0,0,0.0,0,0.0,0,0.0,0,0.0,0,0.0,0,0.0,0,0.0,0,0.0,0,0.0,0,0.0,0,0.0,0,0.0,0,0.0
psu036,1,0.06418485237483953,0,0.0,1557,99.93581514762516,1,0.06418485237483953,0,0.0,0,0.0,0,0.0,0,0.0,0,0.0,0,0.0,0,0.0,0,0.0,0,0.0,0,0.0,0,0.0,0,0.0,0,0.0,0,0.0,0,0.0
psu036a,0,0.0,0,0.0,1558,100.0,0,0.0,0,0.0,0,0.0,0,0.0,0,0.0,0,0.0,0,0.0,0,0.0,0,0.0,0,0.0,0,0.0,0,0.0,0,0.0,0,0.0,0,0.0,0,0.0
psu037,1,0.06418485237483953,0,0.0,1557,99.93581514762516,1,0.06418485237483953,0,0.0,0,0.0,0,0.0,0,0.0,0,0.0,0,0.0,0,0.0,0,0.0,0,0.0,0,0.0,0,0.0,0,0.0,0,0.0,0,0.0,0,0.0
psu037a,0,0.0,0,0.0,1558,100.0,0,0.0,0,0.0,0,0.0,0,0.0,0,0.0,0,0.0,0,0.0,0,0.0,0,0.0,0,0.0,0,0.0,0,0.0,0,0.0,0,0.0,0,0.0,0,0.0
psu038,4,0.25673940949935814,0,0.0,1554,99.74326059050064,3,0.19255455712451863,0,0.0,1,0.06418485237483953,0,0.0,0,0.0,0,0.0,0,0.0,0,0.0,0,0.0,0,0.0,0,0.0,0,0.0,0,0.0,0,0.0,0,0.0,0,0.0
psu039,1,0.06418485237483953,0,0.0,1557,99.93581514762516,1,0.06418485237483953,0,0.0,0,0.0,0,0.0,0,0.0,0,0.0,0,0.0,0,0.0,0,0.0,0,0.0,0,0.0,0,0.0,0,0.0,0,0.0,0,0.0,0,0.0
psu040,0,0.0,0,0.0,1558,100.0,0,0.0,0,0.0,0,0.0,0,0.0,0,0.0,0,0.0,0,0.0,0,0.0,0,0.0,0,0.0,0,0.0,0,0.0,0,0.0,0,0.0,0,0.0,0,0.0
psu041,0,0.0,0,0.0,1558,100.0,0,0.0,0,0.0,0,0.0,0,0.0,0,0.0,0,0.0,0,0.0,0,0.0,0,0.0,0,0.0,0,0.0,0,0.0,0,0.0,0,0.0,0,0.0,0,0.0
psu042,0,0.0,0,0.0,1558,100.0,0,0.0,0,0.0,0,0.0,0,0.0,0,0.0,0,0.0,0,0.0,0,0.0,0,0.0,0,0.0,0,0.0,0,0.0,0,0.0,0,0.0,0,0.0,0,0.0
psu043,0,0.0,0,0.0,1558,100.0,0,0.0,0,0.0,0,0.0,0,0.0,0,0.0,0,0.0,0,0.0,0,0.0,0,0.0,0,0.0,0,0.0,0,0.0,0,0.0,0,0.0,0,0.0,0,0.0
psu044,0,0.0,0,0.0,1558,100.0,0,0.0,0,0.0,0,0.0,0,0.0,0,0.0,0,0.0,0,0.0,0,0.0,0,0.0,0,0.0,0,0.0,0,0.0,0,0.0,0,0.0,0,0.0,0,0.0
psu045,0,0.0,0,0.0,1558,100.0,0,0.0,0,0.0,0,0.0,0,0.0,0,0.0,0,0.0,0,0.0,0,0.0,0,0.0,0,0.0,0,0.0,0,0.0,0,0.0,0,0.0,0,0.0,0,0.0
psu046,0,0.0,0,0.0,1558,100.0,0,0.0,0,0.0,0,0.0,0,0.0,0,0.0,0,0.0,0,0.0,0,0.0,0,0.0,0,0.0,0,0.0,0,0.0,0,0.0,0,0.0,0,0.0,0,0.0
psu047,0,0.0,0,0.0,1558,100.0,0,0.0,0,0.0,0,0.0,0,0.0,0,0.0,0,0.0,0,0.0,0,0.0,0,0.0,0,0.0,0,0.0,0,0.0,0,0.0,0,0.0,0,0.0,0,0.0
psu048,0,0.0,0,0.0,1558,100.0,0,0.0,0,0.0,0,0.0,0,0.0,0,0.0,0,0.0,0,0.0,0,0.0,0,0.0,0,0.0,0,0.0,0,0.0,0,0.0,0,0.0,0,0.0,0,0.0
psu049,0,0.0,0,0.0,1558,100.0,0,0.0,0,0.0,0,0.0,0,0.0,0,0.0,0,0.0,0,0.0,0,0.0,0,0.0,0,0.0,0,0.0,0,0.0,0,0.0,0,0.0,0,0.0,0,0.0
psu050,0,0.0,0,0.0,1558,100.0,0,0.0,0,0.0,0,0.0,0,0.0,0,0.0,0,0.0,0,0.0,0,0.0,0,0.0,0,0.0,0,0.0,0,0.0,0,0.0,0,0.0,0,0.0,0,0.0
psu051,0,0.0,0,0.0,1558,100.0,0,0.0,0,0.0,0,0.0,0,0.0,0,0.0,0,0.0,0,0.0,0,0.0,0,0.0,0,0.0,0,0.0,0,0.0,0,0.0,0,0.0,0,0.0,0,0.0
psu052,0,0.0,0,0.0,1558,100.0,0,0.0,0,0.0,0,0.0,0,0.0,0,0.0,0,0.0,0,0.0,0,0.0,0,0.0,0,0.0,0,0.0,0,0.0,0,0.0,0,0.0,0,0.0,0,0.0
psu053,0,0.0,0,0.0,1558,100.0,0,0.0,0,0.0,0,0.0,0,0.0,0,0.0,0,0.0,0,0.0,0,0.0,0,0.0,0,0.0,0,0.0,0,0.0,0,0.0,0,0.0,0,0.0,0,0.0
psu054,0,0.0,0,0.0,1558,100.0,0,0.0,0,0.0,0,0.0,0,0.0,0,0.0,0,0.0,0,0.0,0,0.0,0,0.0,0,0.0,0,0.0,0,0.0,0,0.0,0,0.0,0,0.0,0,0.0
psu055,0,0.0,0,0.0,1558,100.0,0,0.0,0,0.0,0,0.0,0,0.0,0,0.0,0,0.0,0,0.0,0,0.0,0,0.0,0,0.0,0,0.0,0,0.0,0,0.0,0,0.0,0,0.0,0,0.0
psu056,0,0.0,0,0.0,1558,100.0,0,0.0,0,0.0,0,0.0,0,0.0,0,0.0,0,0.0,0,0.0,0,0.0,0,0.0,0,0.0,0,0.0,0,0.0,0,0.0,0,0.0,0,0.0,0,0.0
psu057,0,0.0,0,0.0,1558,100.0,0,0.0,0,0.0,0,0.0,0,0.0,0,0.0,0,0.0,0,0.0,0,0.0,0,0.0,0,0.0,0,0.0,0,0.0,0,0.0,0,0.0,0,0.0,0,0.0
psu058,0,0.0,0,0.0,1558,100.0,0,0.0,0,0.0,0,0.0,0,0.0,0,0.0,0,0.0,0,0.0,0,0.0,0,0.0,0,0.0,0,0.0,0,0.0,0,0.0,0,0.0,0,0.0,0,0.0
psu059,0,0.0,0,0.0,1558,100.0,0,0.0,0,0.0,0,0.0,0,0.0,0,0.0,0,0.0,0,0.0,0,0.0,0,0.0,0,0.0,0,0.0,0,0.0,0,0.0,0,0.0,0,0.0,0,0.0
psu060,0,0.0,0,0.0,1558,100.0,0,0.0,0,0.0,0,0.0,0,0.0,0,0.0,0,0.0,0,0.0,0,0.0,0,0.0,0,0.0,0,0.0,0,0.0,0,0.0,0,0.0,0,0.0,0,0.0
psu061,0,0.0,0,0.0,1558,100.0,0,0.0,0,0.0,0,0.0,0,0.0,0,0.0,0,0.0,0,0.0,0,0.0,0,0.0,0,0.0,0,0.0,0,0.0,0,0.0,0,0.0,0,0.0,0,0.0
psu062,0,0.0,0,0.0,1558,100.0,0,0.0,0,0.0,0,0.0,0,0.0,0,0.0,0,0.0,0,0.0,0,0.0,0,0.0,0,0.0,0,0.0,0,0.0,0,0.0,0,0.0,0,0.0,0,0.0
psu063y,6,0.38510911424903727,4,0.25673940949935814,1552,99.61489088575097,1,0.06418485237483953,0,0.0,0,0.0,0,0.0,0,0.0,0,0.0,0,0.0,1,0.06418485237483953,0,0.0,0,0.0,1,0.06418485237483953,0,0.0,1,0.06418485237483953,1,0.06418485237483953,1,0.06418485237483953,0,0.0
psu063z,0,0.0,0,0.0,1558,100.0,0,0.0,0,0.0,0,0.0,0,0.0,0,0.0,0,0.0,0,0.0,0,0.0,0,0.0,0,0.0,0,0.0,0,0.0,0,0.0,0,0.0,0,0.0,0,0.0
psu063a,0,0.0,0,0.0,1558,100.0,0,0.0,0,0.0,0,0.0,0,0.0,0,0.0,0,0.0,0,0.0,0,0.0,0,0.0,0,0.0,0,0.0,0,0.0,0,0.0,0,0.0,0,0.0,0,0.0
psu063b,4,0.25673940949935814,0,0.0,1554,99.74326059050064,2,0.12836970474967907,0,0.0,2,0.12836970474967907,0,0.0,0,0.0,0,0.0,0,0.0,0,0.0,0,0.0,0,0.0,0,0.0,0,0.0,0,0.0,0,0.0,0,0.0,0,0.0
psu063c,2,0.12836970474967907,0,0.0,1556,99.87163029525033,0,0.0,0,0.0,2,0.12836970474967907,0,0.0,0,0.0,0,0.0,0,0.0,0,0.0,0,0.0,0,0.0,0,0.0,0,0.0,0,0.0,0,0.0,0,0.0,0,0.0
psu063dy,2,0.12836970474967907,2,0.12836970474967907,1556,99.87163029525033,0,0.0,0,0.0,0,0.0,0,0.0,0,0.0,0,0.0,0,0.0,0,0.0,0,0.0,0,0.0,0,0.0,1,0.06418485237483953,0,0.0,1,0.06418485237483953,0,0.0,0,0.0
psu063dz,0,0.0,0,0.0,1558,100.0,0,0.0,0,0.0,0,0.0,0,0.0,0,0.0,0,0.0,0,0.0,0,0.0,0,0.0,0,0.0,0,0.0,0,0.0,0,0.0,0,0.0,0,0.0,0,0.0
psu063e,2,0.12836970474967907,0,0.0,1556,99.87163029525033,1,0.06418485237483953,0,0.0,1,0.06418485237483953,0,0.0,0,0.0,0,0.0,0,0.0,0,0.0,0,0.0,0,0.0,0,0.0,0,0.0,0,0.0,0,0.0,0,0.0,0,0.0
psu064,6,0.38510911424903727,0,0.0,1552,99.61489088575097,5,0.3209242618741977,0,0.0,1,0.06418485237483953,0,0.0,0,0.0,0,0.0,0,0.0,0,0.0,0,0.0,0,0.0,0,0.0,0,0.0,0,0.0,0,0.0,0,0.0,0,0.0
psu064a,1,0.06418485237483953,0,0.0,1557,99.93581514762516,0,0.0,0,0.0,0,0.0,1,0.06418485237483953,0,0.0,0,0.0,0,0.0,0,0.0,0,0.0,0,0.0,0,0.0,0,0.0,0,0.0,0,0.0,0,0.0,0,0.0
psu065,6,0.38510911424903727,0,0.0,1552,99.61489088575097,5,0.3209242618741977,0,0.0,1,0.06418485237483953,0,0.0,0,0.0,0,0.0,0,0.0,0,0.0,0,0.0,0,0.0,0,0.0,0,0.0,0,0.0,0,0.0,0,0.0,0,0.0
psu065a,1,0.06418485237483953,1,0.06418485237483953,1557,99.93581514762516,0,0.0,1,0.06418485237483953,0,0.0,0,0.0,0,0.0,0,0.0,0,0.0,0,0.0,0,0.0,0,0.0,0,0.0,0,0.0,0,0.0,0,0.0,0,0.0,0,0.0
psu066,6,0.38510911424903727,0,0.0,1552,99.61489088575097,5,0.3209242618741977,0,0.0,1,0.06418485237483953,0,0.0,0,0.0,0,0.0,0,0.0,0,0.0,0,0.0,0,0.0,0,0.0,0,0.0,0,0.0,0,0.0,0,0.0,0,0.0
psu066a,1,0.06418485237483953,0,0.0,1557,99.93581514762516,0,0.0,0,0.0,1,0.06418485237483953,0,0.0,0,0.0,0,0.0,0,0.0,0,0.0,0,0.0,0,0.0,0,0.0,0,0.0,0,0.0,0,0.0,0,0.0,0,0.0
psu067,6,0.38510911424903727,0,0.0,1552,99.61489088575097,5,0.3209242618741977,0,0.0,1,0.06418485237483953,0,0.0,0,0.0,0,0.0,0,0.0,0,0.0,0,0.0,0,0.0,0,0.0,0,0.0,0,0.0,0,0.0,0,0.0,0,0.0
psu067a,1,0.06418485237483953,0,0.0,1557,99.93581514762516,0,0.0,0,0.0,0,0.0,1,0.06418485237483953,0,0.0,0,0.0,0,0.0,0,0.0,0,0.0,0,0.0,0,0.0,0,0.0,0,0.0,0,0.0,0,0.0,0,0.0
psu068,6,0.38510911424903727,0,0.0,1552,99.61489088575097,4,0.25673940949935814,0,0.0,2,0.12836970474967907,0,0.0,0,0.0,0,0.0,0,0.0,0,0.0,0,0.0,0,0.0,0,0.0,0,0.0,0,0.0,0,0.0,0,0.0,0,0.0
psu068a,2,0.12836970474967907,0,0.0,1556,99.87163029525033,0,0.0,0,0.0,0,0.0,2,0.12836970474967907,0,0.0,0,0.0,0,0.0,0,0.0,0,0.0,0,0.0,0,0.0,0,0.0,0,0.0,0,0.0,0,0.0,0,0.0
psu069,6,0.38510911424903727,0,0.0,1552,99.61489088575097,5,0.3209242618741977,0,0.0,1,0.06418485237483953,0,0.0,0,0.0,0,0.0,0,0.0,0,0.0,0,0.0,0,0.0,0,0.0,0,0.0,0,0.0,0,0.0,0,0.0,0,0.0
psu069a,1,0.06418485237483953,0,0.0,1557,99.93581514762516,0,0.0,0,0.0,1,0.06418485237483953,0,0.0,0,0.0,0,0.0,0,0.0,0,0.0,0,0.0,0,0.0,0,0.0,0,0.0,0,0.0,0,0.0,0,0.0,0,0.0
psu070,6,0.38510911424903727,0,0.0,1552,99.61489088575097,5,0.3209242618741977,0,0.0,1,0.06418485237483953,0,0.0,0,0.0,0,0.0,0,0.0,0,0.0,0,0.0,0,0.0,0,0.0,0,0.0,0,0.0,0,0.0,0,0.0,0,0.0
psu070a,5,0.3209242618741977,0,0.0,1553,99.6790757381258,4,0.25673940949935814,0,0.0,1,0.06418485237483953,0,0.0,0,0.0,0,0.0,0,0.0,0,0.0,0,0.0,0,0.0,0,0.0,0,0.0,0,0.0,0,0.0,0,0.0,0,0.0
psu071,2,0.12836970474967907,0,0.0,1556,99.87163029525033,2,0.12836970474967907,0,0.0,0,0.0,0,0.0,0,0.0,0,0.0,0,0.0,0,0.0,0,0.0,0,0.0,0,0.0,0,0.0,0,0.0,0,0.0,0,0.0,0,0.0
psu072,6,0.38510911424903727,0,0.0,1552,99.61489088575097,6,0.38510911424903727,0,0.0,0,0.0,0,0.0,0,0.0,0,0.0,0,0.0,0,0.0,0,0.0,0,0.0,0,0.0,0,0.0,0,0.0,0,0.0,0,0.0,0,0.0
psu073,1,0.06418485237483953,0,0.0,1557,99.93581514762516,0,0.0,0,0.0,1,0.06418485237483953,0,0.0,0,0.0,0,0.0,0,0.0,0,0.0,0,0.0,0,0.0,0,0.0,0,0.0,0,0.0,0,0.0,0,0.0,0,0.0
psu073a,1,0.06418485237483953,0,0.0,1557,99.93581514762516,0,0.0,0,0.0,1,0.06418485237483953,0,0.0,0,0.0,0,0.0,0,0.0,0,0.0,0,0.0,0,0.0,0,0.0,0,0.0,0,0.0,0,0.0,0,0.0,0,0.0
psu074,2,0.12836970474967907,0,0.0,1556,99.87163029525033,2,0.12836970474967907,0,0.0,0,0.0,0,0.0,0,0.0,0,0.0,0,0.0,0,0.0,0,0.0,0,0.0,0,0.0,0,0.0,0,0.0,0,0.0,0,0.0,0,0.0
psu075,2,0.12836970474967907,0,0.0,1556,99.87163029525033,1,0.06418485237483953,0,0.0,1,0.06418485237483953,0,0.0,0,0.0,0,0.0,0,0.0,0,0.0,0,0.0,0,0.0,0,0.0,0,0.0,0,0.0,0,0.0,0,0.0,0,0.0
psu075a,1,0.06418485237483953,0,0.0,1557,99.93581514762516,1,0.06418485237483953,0,0.0,0,0.0,0,0.0,0,0.0,0,0.0,0,0.0,0,0.0,0,0.0,0,0.0,0,0.0,0,0.0,0,0.0,0,0.0,0,0.0,0,0.0
psu076,2,0.12836970474967907,0,0.0,1556,99.87163029525033,1,0.06418485237483953,0,0.0,1,0.06418485237483953,0,0.0,0,0.0,0,0.0,0,0.0,0,0.0,0,0.0,0,0.0,0,0.0,0,0.0,0,0.0,0,0.0,0,0.0,0,0.0
psu076a,1,0.06418485237483953,0,0.0,1557,99.93581514762516,1,0.06418485237483953,0,0.0,0,0.0,0,0.0,0,0.0,0,0.0,0,0.0,0,0.0,0,0.0,0,0.0,0,0.0,0,0.0,0,0.0,0,0.0,0,0.0,0,0.0
psu077,2,0.12836970474967907,0,0.0,1556,99.87163029525033,2,0.12836970474967907,0,0.0,0,0.0,0,0.0,0,0.0,0,0.0,0,0.0,0,0.0,0,0.0,0,0.0,0,0.0,0,0.0,0,0.0,0,0.0,0,0.0,0,0.0
psu077a,2,0.12836970474967907,0,0.0,1556,99.87163029525033,2,0.12836970474967907,0,0.0,0,0.0,0,0.0,0,0.0,0,0.0,0,0.0,0,0.0,0,0.0,0,0.0,0,0.0,0,0.0,0,0.0,0,0.0,0,0.0,0,0.0
psu078,2,0.12836970474967907,0,0.0,1556,99.87163029525033,2,0.12836970474967907,0,0.0,0,0.0,0,0.0,0,0.0,0,0.0,0,0.0,0,0.0,0,0.0,0,0.0,0,0.0,0,0.0,0,0.0,0,0.0,0,0.0,0,0.0
psu079,2,0.12836970474967907,0,0.0,1556,99.87163029525033,2,0.12836970474967907,0,0.0,0,0.0,0,0.0,0,0.0,0,0.0,0,0.0,0,0.0,0,0.0,0,0.0,0,0.0,0,0.0,0,0.0,0,0.0,0,0.0,0,0.0
psu080,2,0.12836970474967907,0,0.0,1556,99.87163029525033,2,0.12836970474967907,0,0.0,0,0.0,0,0.0,0,0.0,0,0.0,0,0.0,0,0.0,0,0.0,0,0.0,0,0.0,0,0.0,0,0.0,0,0.0,0,0.0,0,0.0
psu081y,1,0.06418485237483953,1,0.06418485237483953,1557,99.93581514762516,0,0.0,0,0.0,0,0.0,0,0.0,0,0.0,0,0.0,0,0.0,0,0.0,0,0.0,0,0.0,0,0.0,0,0.0,0,0.0,1,0.06418485237483953,0,0.0,0,0.0
psu081z,0,0.0,0,0.0,1558,100.0,0,0.0,0,0.0,0,0.0,0,0.0,0,0.0,0,0.0,0,0.0,0,0.0,0,0.0,0,0.0,0,0.0,0,0.0,0,0.0,0,0.0,0,0.0,0,0.0
psu082y,1,0.06418485237483953,1,0.06418485237483953,1557,99.93581514762516,0,0.0,0,0.0,0,0.0,0,0.0,0,0.0,0,0.0,0,0.0,0,0.0,0,0.0,0,0.0,0,0.0,0,0.0,0,0.0,1,0.06418485237483953,0,0.0,0,0.0
psu082z,0,0.0,0,0.0,1558,100.0,0,0.0,0,0.0,0,0.0,0,0.0,0,0.0,0,0.0,0,0.0,0,0.0,0,0.0,0,0.0,0,0.0,0,0.0,0,0.0,0,0.0,0,0.0,0,0.0
psu083,1,0.06418485237483953,0,0.0,1557,99.93581514762516,1,0.06418485237483953,0,0.0,0,0.0,0,0.0,0,0.0,0,0.0,0,0.0,0,0.0,0,0.0,0,0.0,0,0.0,0,0.0,0,0.0,0,0.0,0,0.0,0,0.0
psu084,1,0.06418485237483953,0,0.0,1557,99.93581514762516,1,0.06418485237483953,0,0.0,0,0.0,0,0.0,0,0.0,0,0.0,0,0.0,0,0.0,0,0.0,0,0.0,0,0.0,0,0.0,0,0.0,0,0.0,0,0.0,0,0.0
psu085,1,0.06418485237483953,0,0.0,1557,99.93581514762516,1,0.06418485237483953,0,0.0,0,0.0,0,0.0,0,0.0,0,0.0,0,0.0,0,0.0,0,0.0,0,0.0,0,0.0,0,0.0,0,0.0,0,0.0,0,0.0,0,0.0
psu086,0,0.0,0,0.0,1558,100.0,0,0.0,0,0.0,0,0.0,0,0.0,0,0.0,0,0.0,0,0.0,0,0.0,0,0.0,0,0.0,0,0.0,0,0.0,0,0.0,0,0.0,0,0.0,0,0.0
